candidate_name,party_name,storkreds
Kim Hjerrild,Alternativet,Bornholms Storkreds
Sofie Valbjørn,Alternativet,Bornholms Storkreds
Charlotte Friberg Henriksen,Borgernes Parti - Lars Boje Mathiesen,Bornholms Storkreds
Michael Hendriksen,Danmarksdemokraterne - Inger Støjberg,Bornholms Storkreds
Bo Vibe Ancher Jensen,Dansk Folkeparti,Bornholms Storkreds
Kristoffer Kromand,Det Konservative Folkeparti,Bornholms Storkreds
Peter Svarre Fridolf,Det Konservative Folkeparti,Bornholms Storkreds
Asta Kofod,Enhedslisten - De Rød-Grønne,Bornholms Storkreds
Helle Munk Ravnborg,Enhedslisten - De Rød-Grønne,Bornholms Storkreds
Morten Riis,Enhedslisten - De Rød-Grønne,Bornholms Storkreds
Eik Dahl Bidstrup,Liberal Alliance,Bornholms Storkreds
Kirstine van Sabben,Moderaterne,Bornholms Storkreds
Lasse Oszadlik,Moderaterne,Bornholms Storkreds
Laila Stougaard Kofoed Espersen,Radikale Venstre,Bornholms Storkreds
Simon Bech Munch-Petersen,Radikale Venstre,Bornholms Storkreds
Sebastian Bloch Jensen,SF - Socialistisk Folkeparti,Bornholms Storkreds
Sofie Christiansen,SF - Socialistisk Folkeparti,Bornholms Storkreds
Christian Faurholdt Jeppesen,Socialdemokratiet,Bornholms Storkreds
Kasper Flygare,Socialdemokratiet,Bornholms Storkreds
Lea Wermelin,Socialdemokratiet,Bornholms Storkreds
Birthe Tindbæk Bredo,Venstre,Bornholms Storkreds
Niklas Stenbye,Venstre,Bornholms Storkreds
Peter Juel-Jensen,Venstre,Bornholms Storkreds
Bo Tønnesen,Alternativet,Fyns Storkreds
Bodil Helbo,Alternativet,Fyns Storkreds
Jacob Holm,Alternativet,Fyns Storkreds
Linda Frølund,Alternativet,Fyns Storkreds
Maria Dalum,Alternativet,Fyns Storkreds
Martin Kjærulff,Alternativet,Fyns Storkreds
Matilde Skov-Hansen,Alternativet,Fyns Storkreds
Ole Dupont Kofod,Alternativet,Fyns Storkreds
Stine Larsen,Alternativet,Fyns Storkreds
Allan Holm,Borgernes Parti - Lars Boje Mathiesen,Fyns Storkreds
Anja Busch,Borgernes Parti - Lars Boje Mathiesen,Fyns Storkreds
Charlotte Møller-Madsen,Borgernes Parti - Lars Boje Mathiesen,Fyns Storkreds
Daniel Juhl,Borgernes Parti - Lars Boje Mathiesen,Fyns Storkreds
Jens Henrik W. Thulesen Dahl,Danmarksdemokraterne - Inger Støjberg,Fyns Storkreds
Nikolaj Vang,Danmarksdemokraterne - Inger Støjberg,Fyns Storkreds
Vivian Lindberg Larsen,Danmarksdemokraterne - Inger Støjberg,Fyns Storkreds
Alex Ahrendtsen,Dansk Folkeparti,Fyns Storkreds
Anne Møllegaard Mortensen,Dansk Folkeparti,Fyns Storkreds
Niels Bolding,Dansk Folkeparti,Fyns Storkreds
Romeo Troelsgaard,Dansk Folkeparti,Fyns Storkreds
Tobias Weische,Dansk Folkeparti,Fyns Storkreds
Anne Fiber,Det Konservative Folkeparti,Fyns Storkreds
Joachim Hoffmann-Petersen,Det Konservative Folkeparti,Fyns Storkreds
Johan Emil Sevelsted,Det Konservative Folkeparti,Fyns Storkreds
John Hoppe,Det Konservative Folkeparti,Fyns Storkreds
Klavs Norup Lauridsen,Det Konservative Folkeparti,Fyns Storkreds
Mai Mercado,Det Konservative Folkeparti,Fyns Storkreds
Natasja Bruun Knudsen,Det Konservative Folkeparti,Fyns Storkreds
Tobias Bennedsen,Det Konservative Folkeparti,Fyns Storkreds
Jesper Kiel,Enhedslisten - De Rød-Grønne,Fyns Storkreds
Kaj Alstrup,Enhedslisten - De Rød-Grønne,Fyns Storkreds
Mette Skaarup,Enhedslisten - De Rød-Grønne,Fyns Storkreds
Reza Javid,Enhedslisten - De Rød-Grønne,Fyns Storkreds
Stine Øllegaard,Enhedslisten - De Rød-Grønne,Fyns Storkreds
Torsten Ringgaard,Enhedslisten - De Rød-Grønne,Fyns Storkreds
Vibeke Syppli Enrum,Enhedslisten - De Rød-Grønne,Fyns Storkreds
Victoria Velásquez,Enhedslisten - De Rød-Grønne,Fyns Storkreds
Araz Khan,Liberal Alliance,Fyns Storkreds
Gustav Wilde,Liberal Alliance,Fyns Storkreds
Katrine Daugaard,Liberal Alliance,Fyns Storkreds
Malte Jäger,Liberal Alliance,Fyns Storkreds
Martin Lissner,Liberal Alliance,Fyns Storkreds
Pia Offer Madsen,Liberal Alliance,Fyns Storkreds
Thomas Estrup,Liberal Alliance,Fyns Storkreds
Tonny Vest,Liberal Alliance,Fyns Storkreds
Andreas Lausen,Moderaterne,Fyns Storkreds
Camilla Schuster Nygaard,Moderaterne,Fyns Storkreds
Lars Aagaard,Moderaterne,Fyns Storkreds
Rosa Eriksen,Moderaterne,Fyns Storkreds
Anastasia Milthers,Radikale Venstre,Fyns Storkreds
Jakob Larsen,Radikale Venstre,Fyns Storkreds
Jan Werner Mathiasen,Radikale Venstre,Fyns Storkreds
Kim Lei-Jensen,Radikale Venstre,Fyns Storkreds
Anna Katrine Leth Rehn,SF - Socialistisk Folkeparti,Fyns Storkreds
Charlotte Ellenberger,SF - Socialistisk Folkeparti,Fyns Storkreds
Johannes Skov Pedersen,SF - Socialistisk Folkeparti,Fyns Storkreds
Karsten Hønge,SF - Socialistisk Folkeparti,Fyns Storkreds
Lars Nissen,SF - Socialistisk Folkeparti,Fyns Storkreds
Laura Elise Andersen-Mühl,SF - Socialistisk Folkeparti,Fyns Storkreds
Linda Bollerup,SF - Socialistisk Folkeparti,Fyns Storkreds
Lise Müller,SF - Socialistisk Folkeparti,Fyns Storkreds
Nynne Printz,SF - Socialistisk Folkeparti,Fyns Storkreds
Simon Meyer Off,SF - Socialistisk Folkeparti,Fyns Storkreds
Suzette Frovin,SF - Socialistisk Folkeparti,Fyns Storkreds
Bjørn Brandenborg,Socialdemokratiet,Fyns Storkreds
Jeppe Bruus,Socialdemokratiet,Fyns Storkreds
Kim Aas,Socialdemokratiet,Fyns Storkreds
Lasse Haugaard Pedersen,Socialdemokratiet,Fyns Storkreds
Maria Gudme,Socialdemokratiet,Fyns Storkreds
Sara Emil Baaring,Socialdemokratiet,Fyns Storkreds
Thomas Skriver Jensen,Socialdemokratiet,Fyns Storkreds
Trine Bramsen,Socialdemokratiet,Fyns Storkreds
Amanda Heitmann,Venstre,Fyns Storkreds
Andreas Fjord Larsen,Venstre,Fyns Storkreds
Anja Lund,Venstre,Fyns Storkreds
Claus Oxfeldt,Venstre,Fyns Storkreds
Marlene Ambo-Rasmussen,Venstre,Fyns Storkreds
Nikolaj Leed Henriksen,Venstre,Fyns Storkreds
Sofie Mosgaard,Venstre,Fyns Storkreds
Torben Povlsen,Venstre,Fyns Storkreds
Jesper Callesen,Alternativet,Københavns Omegns Storkreds
Nana Løcke Buttenschøn,Alternativet,Københavns Omegns Storkreds
Peter Samir,Alternativet,Københavns Omegns Storkreds
Signe Wenneberg,Alternativet,Københavns Omegns Storkreds
Thomas Anker,Alternativet,Københavns Omegns Storkreds
Thomas Lindqvist,Alternativet,Københavns Omegns Storkreds
Tim Wodskou,Alternativet,Københavns Omegns Storkreds
Allan Orland,Borgernes Parti - Lars Boje Mathiesen,Københavns Omegns Storkreds
Frederik Lundberg,Borgernes Parti - Lars Boje Mathiesen,Københavns Omegns Storkreds
Mathias Fuglsang,Borgernes Parti - Lars Boje Mathiesen,Københavns Omegns Storkreds
Morten Dehn,Borgernes Parti - Lars Boje Mathiesen,Københavns Omegns Storkreds
Søren T. Fugleberg,Borgernes Parti - Lars Boje Mathiesen,Københavns Omegns Storkreds
Charlotte Munch,Danmarksdemokraterne - Inger Støjberg,Københavns Omegns Storkreds
Sebastian Mylsted,Danmarksdemokraterne - Inger Støjberg,Københavns Omegns Storkreds
Susanne Damsgaard,Danmarksdemokraterne - Inger Støjberg,Københavns Omegns Storkreds
Hans Blaaberg,Dansk Folkeparti,Københavns Omegns Storkreds
Kim Hammer,Dansk Folkeparti,Københavns Omegns Storkreds
Michael Jensen,Dansk Folkeparti,Københavns Omegns Storkreds
Mikkel Bjørn,Dansk Folkeparti,Københavns Omegns Storkreds
Mikkel Dencker,Dansk Folkeparti,Københavns Omegns Storkreds
Tenna Røberg,Dansk Folkeparti,Københavns Omegns Storkreds
Zandra Thulstrup Pihl,Dansk Folkeparti,Københavns Omegns Storkreds
Christian Vigilius,Det Konservative Folkeparti,Københavns Omegns Storkreds
Dorte Vilhelmsen,Det Konservative Folkeparti,Københavns Omegns Storkreds
Isabella Arendt,Det Konservative Folkeparti,Københavns Omegns Storkreds
Jette Larsen,Det Konservative Folkeparti,Københavns Omegns Storkreds
Julie Ahlefeldt-Laurvig,Det Konservative Folkeparti,Københavns Omegns Storkreds
Magnus Von Dreiager,Det Konservative Folkeparti,Københavns Omegns Storkreds
Sigurd Hebo Lønholdt,Det Konservative Folkeparti,Københavns Omegns Storkreds
Tina Cartey Hansen,Det Konservative Folkeparti,Københavns Omegns Storkreds
Bianca Vitting,Enhedslisten - De Rød-Grønne,Københavns Omegns Storkreds
Caroline Lochow,Enhedslisten - De Rød-Grønne,Københavns Omegns Storkreds
Clara Turms,Enhedslisten - De Rød-Grønne,Københavns Omegns Storkreds
Emil Viskum,Enhedslisten - De Rød-Grønne,Københavns Omegns Storkreds
Fatih Baran,Enhedslisten - De Rød-Grønne,Københavns Omegns Storkreds
Helge Bo Jensen,Enhedslisten - De Rød-Grønne,Københavns Omegns Storkreds
Ibrahim Benli,Enhedslisten - De Rød-Grønne,Københavns Omegns Storkreds
Sune Rastad Bahn,Enhedslisten - De Rød-Grønne,Københavns Omegns Storkreds
David Ibsen,Liberal Alliance,Københavns Omegns Storkreds
Frank Clausen,Liberal Alliance,Københavns Omegns Storkreds
Freja Brandhøj,Liberal Alliance,Københavns Omegns Storkreds
Hanne Bjørn,Liberal Alliance,Københavns Omegns Storkreds
Jacqueline Kristensen,Liberal Alliance,Københavns Omegns Storkreds
Jonas Juhl,Liberal Alliance,Københavns Omegns Storkreds
Michael Melchert,Liberal Alliance,Københavns Omegns Storkreds
Patrizia Venturelli Christensen,Liberal Alliance,Københavns Omegns Storkreds
Betina Asbæk,Moderaterne,Københavns Omegns Storkreds
Dorthe Beck-Nyling,Moderaterne,Københavns Omegns Storkreds
Frederik Lau Petersen,Moderaterne,Københavns Omegns Storkreds
Karan Khosla,Moderaterne,Københavns Omegns Storkreds
Monika Rubin,Moderaterne,Københavns Omegns Storkreds
Zishan Ali,Moderaterne,Københavns Omegns Storkreds
Brian Køster,Radikale Venstre,Københavns Omegns Storkreds
Christina Falkberg,Radikale Venstre,Københavns Omegns Storkreds
Esat Senturk,Radikale Venstre,Københavns Omegns Storkreds
Isabel Havndrup Aackmann,Radikale Venstre,Københavns Omegns Storkreds
Jens Frost,Radikale Venstre,Københavns Omegns Storkreds
Kashif Ahmad,Radikale Venstre,Københavns Omegns Storkreds
Lars Green Bach,Radikale Venstre,Københavns Omegns Storkreds
Ruben Kidde,Radikale Venstre,Københavns Omegns Storkreds
Stinus Lindgreen,Radikale Venstre,Københavns Omegns Storkreds
Trine Dybkjær,Radikale Venstre,Københavns Omegns Storkreds
Zohair Ali,Radikale Venstre,Københavns Omegns Storkreds
Alexander Bruhn Skjøth,SF - Socialistisk Folkeparti,Københavns Omegns Storkreds
Helene Brochmann,SF - Socialistisk Folkeparti,Københavns Omegns Storkreds
Niels Haxthausen,SF - Socialistisk Folkeparti,Københavns Omegns Storkreds
Sigurd Agersnap,SF - Socialistisk Folkeparti,Københavns Omegns Storkreds
Sofie F. Villadsen,SF - Socialistisk Folkeparti,Københavns Omegns Storkreds
Taner Genc,SF - Socialistisk Folkeparti,Københavns Omegns Storkreds
Troels Stru Schmidt,SF - Socialistisk Folkeparti,Københavns Omegns Storkreds
Vivi Nør Jacobsen,SF - Socialistisk Folkeparti,Københavns Omegns Storkreds
Gunvor Wibroe,Socialdemokratiet,Københavns Omegns Storkreds
Jens Anton Tingstrøm,Socialdemokratiet,Københavns Omegns Storkreds
Magnus Barsøe,Socialdemokratiet,Københavns Omegns Storkreds
Maria Durhuus,Socialdemokratiet,Københavns Omegns Storkreds
Mattias Tesfaye,Socialdemokratiet,Københavns Omegns Storkreds
Morten Bødskov,Socialdemokratiet,Københavns Omegns Storkreds
Sofie de Bretteville,Socialdemokratiet,Københavns Omegns Storkreds
Vibeke Westh,Socialdemokratiet,Københavns Omegns Storkreds
Anders Bo Larsen,Venstre,Københavns Omegns Storkreds
Astrid Søborg,Venstre,Københavns Omegns Storkreds
Christopher Blomsterberg-Thaysen,Venstre,Københavns Omegns Storkreds
Kim Valentin,Venstre,Københavns Omegns Storkreds
Luise Hjortebjerg,Venstre,Københavns Omegns Storkreds
Maria Ladegaard,Venstre,Københavns Omegns Storkreds
Marie Brixtofte,Venstre,Københavns Omegns Storkreds
Ricki Vejsmose,Venstre,Københavns Omegns Storkreds
Anders Sørensen,Alternativet,Københavns Storkreds
Catharina Næsby Malkki,Alternativet,Københavns Storkreds
Franciska Rosenkilde,Alternativet,Københavns Storkreds
Jakob Ravn Karlsen,Alternativet,Københavns Storkreds
Jan Kristoffersen,Alternativet,Københavns Storkreds
Jan Schumann,Alternativet,Københavns Storkreds
Jiesper Tristan Pedersen,Alternativet,Københavns Storkreds
Lise Coermann,Alternativet,Københavns Storkreds
Mette Bram,Alternativet,Københavns Storkreds
Mikkel Bahl,Alternativet,Københavns Storkreds
Nikolai Eskild Jensen,Alternativet,Københavns Storkreds
Noah Sturis,Alternativet,Københavns Storkreds
Peter Martin Jakobsen,Alternativet,Københavns Storkreds
Qasam Nazir Ahmad,Alternativet,Københavns Storkreds
Roger Courage Matthisen,Alternativet,Københavns Storkreds
Vibeke Frost,Alternativet,Københavns Storkreds
Flemming Steenlykke,Borgernes Parti - Lars Boje Mathiesen,Københavns Storkreds
Rikke Hansen,Borgernes Parti - Lars Boje Mathiesen,Københavns Storkreds
Benny Bindslev,Danmarksdemokraterne - Inger Støjberg,Københavns Storkreds
Eva Bechmann,Danmarksdemokraterne - Inger Støjberg,Københavns Storkreds
Martin Sibast,Danmarksdemokraterne - Inger Støjberg,Københavns Storkreds
Allan Feldt,Dansk Folkeparti,Københavns Storkreds
Denise Rostgaard,Dansk Folkeparti,Københavns Storkreds
Merete Dea Larsen,Dansk Folkeparti,Københavns Storkreds
Paw Karslund,Dansk Folkeparti,Københavns Storkreds
Anders Havelund Krøyer,Det Konservative Folkeparti,Københavns Storkreds
Anders Storgaard,Det Konservative Folkeparti,Københavns Storkreds
Carina Høedt,Det Konservative Folkeparti,Københavns Storkreds
Helene Fagerhøj,Det Konservative Folkeparti,Københavns Storkreds
Helle Bonnesen,Det Konservative Folkeparti,Københavns Storkreds
Lasse Vogel Andersen,Det Konservative Folkeparti,Københavns Storkreds
Line Ervolder,Det Konservative Folkeparti,Københavns Storkreds
Mia Tang,Det Konservative Folkeparti,Københavns Storkreds
Niels Peder Ravn,Det Konservative Folkeparti,Københavns Storkreds
Nikolaj Bøgh,Det Konservative Folkeparti,Københavns Storkreds
Pernille Birch,Det Konservative Folkeparti,Københavns Storkreds
Rasmus Bjergegaard,Det Konservative Folkeparti,Københavns Storkreds
Charlotte Lund,Enhedslisten - De Rød-Grønne,Københavns Storkreds
David Rønne,Enhedslisten - De Rød-Grønne,Københavns Storkreds
Kim Larsen,Enhedslisten - De Rød-Grønne,Københavns Storkreds
Leila Stockmarr,Enhedslisten - De Rød-Grønne,Københavns Storkreds
Maria Sofie Petersen,Enhedslisten - De Rød-Grønne,Københavns Storkreds
Mathilde Vinther,Enhedslisten - De Rød-Grønne,Københavns Storkreds
Mette Bloch Hansen,Enhedslisten - De Rød-Grønne,Københavns Storkreds
Pelle Dragsted,Enhedslisten - De Rød-Grønne,Københavns Storkreds
Pil Christensen,Enhedslisten - De Rød-Grønne,Københavns Storkreds
Pil Yildiz,Enhedslisten - De Rød-Grønne,Københavns Storkreds
Reinout Bosch,Enhedslisten - De Rød-Grønne,Københavns Storkreds
Rosa Lund,Enhedslisten - De Rød-Grønne,Københavns Storkreds
Alexander Ryle,Liberal Alliance,Københavns Storkreds
Charlotte Nellemann,Liberal Alliance,Københavns Storkreds
Laura Emilie Fabricius-Lauritzen,Liberal Alliance,Københavns Storkreds
Line Østergaard Olsen,Liberal Alliance,Københavns Storkreds
Mads Strange,Liberal Alliance,Københavns Storkreds
Merete Riisager,Liberal Alliance,Københavns Storkreds
Ole Birk Olesen,Liberal Alliance,Københavns Storkreds
Per Nørgaard Andersen,Liberal Alliance,Københavns Storkreds
Torben Guldbæk,Liberal Alliance,Københavns Storkreds
Ali Qais,Moderaterne,Københavns Storkreds
Ellen Emilie,Moderaterne,Københavns Storkreds
Jakob Engel-Schmidt,Moderaterne,Københavns Storkreds
Lisbeth Dam Larsen,Moderaterne,Københavns Storkreds
Mads Sebbelov,Moderaterne,Københavns Storkreds
Nanna W. Gotfredsen,Moderaterne,Københavns Storkreds
Anne-Sofie Sadolin,Radikale Venstre,Københavns Storkreds
Emil Moselund,Radikale Venstre,Københavns Storkreds
Frederik Rosberg,Radikale Venstre,Københavns Storkreds
Helene Langager,Radikale Venstre,Københavns Storkreds
Julie Herdal,Radikale Venstre,Københavns Storkreds
Magnus Georg Jensen,Radikale Venstre,Københavns Storkreds
Maria Georgi Sloth,Radikale Venstre,Københavns Storkreds
Marianne Mortensen,Radikale Venstre,Københavns Storkreds
Mikkel Senna Odoom,Radikale Venstre,Københavns Storkreds
Samira Nawa,Radikale Venstre,Københavns Storkreds
Thomas Markmann,Radikale Venstre,Københavns Storkreds
Thomas Rohden,Radikale Venstre,Københavns Storkreds
Bjarke Bisgaard Yolal,SF - Socialistisk Folkeparti,Københavns Storkreds
Carl Valentin,SF - Socialistisk Folkeparti,Københavns Storkreds
Cecilie Louise Balbay Holdt,SF - Socialistisk Folkeparti,Københavns Storkreds
Halime Oguz,SF - Socialistisk Folkeparti,Københavns Storkreds
Kasper Nordborg Kiær,SF - Socialistisk Folkeparti,Københavns Storkreds
Lisbeth Bech-Nielsen,SF - Socialistisk Folkeparti,Københavns Storkreds
Mikkel Sammy Christensen,SF - Socialistisk Folkeparti,Københavns Storkreds
Morten Bering,SF - Socialistisk Folkeparti,Københavns Storkreds
Nanna Bonde,SF - Socialistisk Folkeparti,Københavns Storkreds
Rune Palm,SF - Socialistisk Folkeparti,Københavns Storkreds
Sadek Al-Amood,SF - Socialistisk Folkeparti,Københavns Storkreds
Asbjørn Reissmann,Socialdemokratiet,Københavns Storkreds
Camilla Hoffmann,Socialdemokratiet,Københavns Storkreds
Emilla Møller,Socialdemokratiet,Københavns Storkreds
Erik Jensen,Socialdemokratiet,Københavns Storkreds
Ida Auken,Socialdemokratiet,Københavns Storkreds
Jarl Feyling,Socialdemokratiet,Københavns Storkreds
Marcus Vesterager,Socialdemokratiet,Københavns Storkreds
Mette Reissmann,Socialdemokratiet,Københavns Storkreds
Peter Hummelgaard,Socialdemokratiet,Københavns Storkreds
Sophie Hæstorp Andersen,Socialdemokratiet,Københavns Storkreds
Stig Ekman,Socialdemokratiet,Københavns Storkreds
Yildiz Akdogan,Socialdemokratiet,Københavns Storkreds
John Erik Wagner,Uden for partierne,Københavns Storkreds
Rashid Ali,Uden for partierne,Københavns Storkreds
Rasmus Paludan,Uden for partierne,Københavns Storkreds
Theresa Scavenius,Uden for partierne,Københavns Storkreds
Anders Fausbøll,Venstre,Københavns Storkreds
Claus Buch,Venstre,Københavns Storkreds
Jan E. Jørgensen,Venstre,Københavns Storkreds
Linea Søgaard-Lidell,Venstre,Københavns Storkreds
Malene Sandfeld,Venstre,Københavns Storkreds
Natascha Remvig,Venstre,Københavns Storkreds
Zeynep Bardakci,Venstre,Københavns Storkreds
Anette Jensen Smith,Alternativet,Nordjyllands Storkreds
Anna Bjerre,Alternativet,Nordjyllands Storkreds
Anne-Marie Hemmeth,Alternativet,Nordjyllands Storkreds
Emil Sloth,Alternativet,Nordjyllands Storkreds
Arne Hyldgaard,Borgernes Parti - Lars Boje Mathiesen,Nordjyllands Storkreds
Ib Poulsen,Borgernes Parti - Lars Boje Mathiesen,Nordjyllands Storkreds
John Bjerg,Borgernes Parti - Lars Boje Mathiesen,Nordjyllands Storkreds
Niels Christensen,Borgernes Parti - Lars Boje Mathiesen,Nordjyllands Storkreds
Paulina Laparil,Borgernes Parti - Lars Boje Mathiesen,Nordjyllands Storkreds
Claus Skovmose,Danmarksdemokraterne - Inger Støjberg,Nordjyllands Storkreds
Frederik Storm,Danmarksdemokraterne - Inger Støjberg,Nordjyllands Storkreds
Inger Støjberg,Danmarksdemokraterne - Inger Støjberg,Nordjyllands Storkreds
Kim Edberg Andersen,Danmarksdemokraterne - Inger Støjberg,Nordjyllands Storkreds
Kristian Bøgsted,Danmarksdemokraterne - Inger Støjberg,Nordjyllands Storkreds
Liselotte Lynge,Danmarksdemokraterne - Inger Støjberg,Nordjyllands Storkreds
Anders Vistisen,Dansk Folkeparti,Nordjyllands Storkreds
Danny Rosenkilde,Dansk Folkeparti,Nordjyllands Storkreds
Emma Houe Mølgaard,Dansk Folkeparti,Nordjyllands Storkreds
Jørgen Hammer Sørensen,Dansk Folkeparti,Nordjyllands Storkreds
Thomas Hjort,Dansk Folkeparti,Nordjyllands Storkreds
Dorthe Pedersen,Det Konservative Folkeparti,Nordjyllands Storkreds
Gabriel Aaen,Det Konservative Folkeparti,Nordjyllands Storkreds
Laura Holm,Det Konservative Folkeparti,Nordjyllands Storkreds
Lene Burchardt,Det Konservative Folkeparti,Nordjyllands Storkreds
Per Larsen,Det Konservative Folkeparti,Nordjyllands Storkreds
René Flou,Det Konservative Folkeparti,Nordjyllands Storkreds
Sofie Therese Svendsen,Det Konservative Folkeparti,Nordjyllands Storkreds
Stine Thier-Andersen,Det Konservative Folkeparti,Nordjyllands Storkreds
Søren Homann,Det Konservative Folkeparti,Nordjyllands Storkreds
Berit Raldin,Enhedslisten - De Rød-Grønne,Nordjyllands Storkreds
Christina Eilers,Enhedslisten - De Rød-Grønne,Nordjyllands Storkreds
Filippa Emilie Vittrup,Enhedslisten - De Rød-Grønne,Nordjyllands Storkreds
Hans Jensen,Enhedslisten - De Rød-Grønne,Nordjyllands Storkreds
Lasse Mejer Petersen,Enhedslisten - De Rød-Grønne,Nordjyllands Storkreds
Lasse Olsen,Enhedslisten - De Rød-Grønne,Nordjyllands Storkreds
Peder Hvelplund,Enhedslisten - De Rød-Grønne,Nordjyllands Storkreds
Runa Friis Hansen,Enhedslisten - De Rød-Grønne,Nordjyllands Storkreds
Ulrik Appel,Enhedslisten - De Rød-Grønne,Nordjyllands Storkreds
Anders Peter Hansen,Liberal Alliance,Nordjyllands Storkreds
Bo Ritterbusch,Liberal Alliance,Nordjyllands Storkreds
Claus Beck,Liberal Alliance,Nordjyllands Storkreds
Dan Gaardboe Rueskov,Liberal Alliance,Nordjyllands Storkreds
Frederik Blicher Pedersen,Liberal Alliance,Nordjyllands Storkreds
HP Beck,Liberal Alliance,Nordjyllands Storkreds
Jimmy Abel Nielsen,Liberal Alliance,Nordjyllands Storkreds
Kenneth Skatka Hammer,Liberal Alliance,Nordjyllands Storkreds
Kim Gaarsdahl,Liberal Alliance,Nordjyllands Storkreds
Kresten Solvang Larsen,Liberal Alliance,Nordjyllands Storkreds
Lukas Vestergaard,Liberal Alliance,Nordjyllands Storkreds
Mark Hellerup,Liberal Alliance,Nordjyllands Storkreds
Peter Larsen,Liberal Alliance,Nordjyllands Storkreds
Rikke Olssen,Liberal Alliance,Nordjyllands Storkreds
Sara Tvilling,Liberal Alliance,Nordjyllands Storkreds
Sólbjørg Jakobsen,Liberal Alliance,Nordjyllands Storkreds
Thomas Christiansen,Liberal Alliance,Nordjyllands Storkreds
Thomas Heuniche,Liberal Alliance,Nordjyllands Storkreds
Ditte Ravn Kaagaard,Moderaterne,Nordjyllands Storkreds
Line Randa,Moderaterne,Nordjyllands Storkreds
Mohammad Rona,Moderaterne,Nordjyllands Storkreds
Morten Arvidsson,Moderaterne,Nordjyllands Storkreds
Nikolaj C. Andersen,Moderaterne,Nordjyllands Storkreds
Thomas Skovgaard,Moderaterne,Nordjyllands Storkreds
Carsten Bedsted,Radikale Venstre,Nordjyllands Storkreds
Dorthe Kerschus,Radikale Venstre,Nordjyllands Storkreds
Emma Biørn Tretow-Fish,Radikale Venstre,Nordjyllands Storkreds
Gorm Simonsen,Radikale Venstre,Nordjyllands Storkreds
Jacob Robsøe,Radikale Venstre,Nordjyllands Storkreds
Marie Wandel,Radikale Venstre,Nordjyllands Storkreds
Michael Portefee P. Lex,Radikale Venstre,Nordjyllands Storkreds
Pia Elberg,Radikale Venstre,Nordjyllands Storkreds
Steen Asgeir Petersen,Radikale Venstre,Nordjyllands Storkreds
Steffen Holme Helledie,Radikale Venstre,Nordjyllands Storkreds
Susanne Krebs,Radikale Venstre,Nordjyllands Storkreds
Torsten Wetche,Radikale Venstre,Nordjyllands Storkreds
Benjamin Christensen,SF - Socialistisk Folkeparti,Nordjyllands Storkreds
Christina Lykke,SF - Socialistisk Folkeparti,Nordjyllands Storkreds
Dorte M. Nielsen,SF - Socialistisk Folkeparti,Nordjyllands Storkreds
Henning Jørgensen,SF - Socialistisk Folkeparti,Nordjyllands Storkreds
Melina Andersen,SF - Socialistisk Folkeparti,Nordjyllands Storkreds
Morten Bo Bertelsen,SF - Socialistisk Folkeparti,Nordjyllands Storkreds
Peder Larsen,SF - Socialistisk Folkeparti,Nordjyllands Storkreds
Theresa Berg Andersen,SF - Socialistisk Folkeparti,Nordjyllands Storkreds
Thomas Kjeldsen,SF - Socialistisk Folkeparti,Nordjyllands Storkreds
Ane Halsboe-Jørgensen,Socialdemokratiet,Nordjyllands Storkreds
Flemming Møller Mortensen,Socialdemokratiet,Nordjyllands Storkreds
Kiki Bille Bach,Socialdemokratiet,Nordjyllands Storkreds
Mette Frederiksen,Socialdemokratiet,Nordjyllands Storkreds
Morten Ryom,Socialdemokratiet,Nordjyllands Storkreds
Peder Key Kristiansen,Socialdemokratiet,Nordjyllands Storkreds
Per Husted,Socialdemokratiet,Nordjyllands Storkreds
Simon Kollerup,Socialdemokratiet,Nordjyllands Storkreds
Thomas Klimek,Socialdemokratiet,Nordjyllands Storkreds
Anita Vivi Lilholt,Venstre,Nordjyllands Storkreds
Anne Honoré Østergaard,Venstre,Nordjyllands Storkreds
Hans Jørgen Adamsen,Venstre,Nordjyllands Storkreds
Marie Bjerre,Venstre,Nordjyllands Storkreds
Mikkel Bisgaard,Venstre,Nordjyllands Storkreds
Niels H. Bünemann,Venstre,Nordjyllands Storkreds
Phillip Sperling,Venstre,Nordjyllands Storkreds
Preben Bang Henriksen,Venstre,Nordjyllands Storkreds
Torsten Schack Pedersen,Venstre,Nordjyllands Storkreds
Helene Brydensholt,Alternativet,Nordsjællands Storkreds
Ingrid Heintz,Alternativet,Nordsjællands Storkreds
Mariane Lunden,Alternativet,Nordsjællands Storkreds
Morten Hvidberg Greve,Alternativet,Nordsjællands Storkreds
Nanna Høyrup,Alternativet,Nordsjællands Storkreds
Rasmus Harning,Alternativet,Nordsjællands Storkreds
Salik Anders Rosing,Alternativet,Nordsjællands Storkreds
Simon Rigét,Alternativet,Nordsjællands Storkreds
Sofie Faureholm Lundsberg,Alternativet,Nordsjællands Storkreds
Tine Loft Thomsen,Alternativet,Nordsjællands Storkreds
Emilie Schytte,Borgernes Parti - Lars Boje Mathiesen,Nordsjællands Storkreds
Martin Nordstjerne,Borgernes Parti - Lars Boje Mathiesen,Nordsjællands Storkreds
Peter Faber,Borgernes Parti - Lars Boje Mathiesen,Nordsjællands Storkreds
Katrine Schiller,Danmarksdemokraterne - Inger Støjberg,Nordsjællands Storkreds
Lars Bregnbak,Danmarksdemokraterne - Inger Støjberg,Nordsjællands Storkreds
Maibritt Nielsen,Danmarksdemokraterne - Inger Støjberg,Nordsjællands Storkreds
Marlene Harpsøe,Danmarksdemokraterne - Inger Støjberg,Nordsjællands Storkreds
Brian Lyck Jørgensen,Dansk Folkeparti,Nordsjællands Storkreds
Gert Løfgren,Dansk Folkeparti,Nordsjællands Storkreds
Jette Juul,Dansk Folkeparti,Nordsjællands Storkreds
Mette Thiesen,Dansk Folkeparti,Nordsjællands Storkreds
Mikkel Hartwich,Dansk Folkeparti,Nordsjællands Storkreds
Pia Adelsteen,Dansk Folkeparti,Nordsjællands Storkreds
Ulla Kokfelt,Dansk Folkeparti,Nordsjællands Storkreds
Birgitte Bergman,Det Konservative Folkeparti,Nordsjællands Storkreds
Daniel Drefeld,Det Konservative Folkeparti,Nordsjællands Storkreds
Egil Hulgaard,Det Konservative Folkeparti,Nordsjællands Storkreds
Emma Juul Hansen,Det Konservative Folkeparti,Nordsjællands Storkreds
Frederik Germann,Det Konservative Folkeparti,Nordsjællands Storkreds
Mette Abildgaard,Det Konservative Folkeparti,Nordsjællands Storkreds
Annie Hagel,Enhedslisten - De Rød-Grønne,Nordsjællands Storkreds
Carolina Cámara,Enhedslisten - De Rød-Grønne,Nordsjællands Storkreds
Christoffer Emil Jexen,Enhedslisten - De Rød-Grønne,Nordsjællands Storkreds
Emil Andersen,Enhedslisten - De Rød-Grønne,Nordsjællands Storkreds
Rasmus Petersen,Enhedslisten - De Rød-Grønne,Nordsjællands Storkreds
Sinem Dybvad Demir,Enhedslisten - De Rød-Grønne,Nordsjællands Storkreds
Chelle Lilly Albøge,Liberal Alliance,Nordsjællands Storkreds
Christopher Arzrouni,Liberal Alliance,Nordsjællands Storkreds
Johannes Joyce,Liberal Alliance,Nordsjællands Storkreds
Kira Danholm,Liberal Alliance,Nordsjællands Storkreds
Lars Høyer Holmqvist,Liberal Alliance,Nordsjællands Storkreds
Philip Solberg,Liberal Alliance,Nordsjællands Storkreds
Robert Mørck,Liberal Alliance,Nordsjællands Storkreds
Steen Tofteng,Liberal Alliance,Nordsjællands Storkreds
Steffen Sjørslev,Liberal Alliance,Nordsjællands Storkreds
Steffen W. Frølund,Liberal Alliance,Nordsjællands Storkreds
Sten Schmidl Søbjærg,Liberal Alliance,Nordsjællands Storkreds
Andreas Raben,Moderaterne,Nordsjællands Storkreds
Ayhan Kilic,Moderaterne,Nordsjællands Storkreds
Charlotte Haagendrup,Moderaterne,Nordsjællands Storkreds
Pernille Christensen,Moderaterne,Nordsjællands Storkreds
Rasmus Lund-Nielsen,Moderaterne,Nordsjællands Storkreds
Christian Elkjær,Radikale Venstre,Nordsjællands Storkreds
Christina Thorholm,Radikale Venstre,Nordsjællands Storkreds
Freja Eva Lockenwitz,Radikale Venstre,Nordsjællands Storkreds
Hediye Temiz,Radikale Venstre,Nordsjællands Storkreds
Martin Lidegaard,Radikale Venstre,Nordsjællands Storkreds
Mikkel Westh Jepsen,Radikale Venstre,Nordsjællands Storkreds
Tine Hessner,Radikale Venstre,Nordsjællands Storkreds
Anja Rosengreen,SF - Socialistisk Folkeparti,Nordsjællands Storkreds
Anna Poulsen,SF - Socialistisk Folkeparti,Nordsjællands Storkreds
Elias Julius Binggeli,SF - Socialistisk Folkeparti,Nordsjællands Storkreds
Emil Nielsen,SF - Socialistisk Folkeparti,Nordsjællands Storkreds
Jacob Mark,SF - Socialistisk Folkeparti,Nordsjællands Storkreds
Jens Skov,SF - Socialistisk Folkeparti,Nordsjællands Storkreds
Marianne Bigum,SF - Socialistisk Folkeparti,Nordsjællands Storkreds
Stina Egedius Miller,SF - Socialistisk Folkeparti,Nordsjællands Storkreds
Fie Hækkerup,Socialdemokratiet,Nordsjællands Storkreds
Henrik Møller,Socialdemokratiet,Nordsjællands Storkreds
Louise Mehnke,Socialdemokratiet,Nordsjællands Storkreds
Matilde Powers,Socialdemokratiet,Nordsjællands Storkreds
Rasmus Stoklund,Socialdemokratiet,Nordsjællands Storkreds
Søren Rye,Socialdemokratiet,Nordsjællands Storkreds
Annette Rieva,Venstre,Nordsjællands Storkreds
Hans Andersen,Venstre,Nordsjællands Storkreds
Katarina Ammitzbøll,Venstre,Nordsjællands Storkreds
Marianne Lynghøj,Venstre,Nordsjællands Storkreds
Sophie Løhde,Venstre,Nordsjællands Storkreds
Tue Villebro,Venstre,Nordsjællands Storkreds
Allan Hansen Lindemark,Alternativet,Sjællands Storkreds
Elise Sydendal,Alternativet,Sjællands Storkreds
Isabella Apelroth,Alternativet,Sjællands Storkreds
Jacob Antvorskov,Alternativet,Sjællands Storkreds
Lars König,Alternativet,Sjællands Storkreds
Line Gessø,Alternativet,Sjællands Storkreds
Liselotte Katarina Rotfeld,Alternativet,Sjællands Storkreds
Mette Friis,Alternativet,Sjællands Storkreds
Sascha Faxe,Alternativet,Sjællands Storkreds
Valentina Crast,Alternativet,Sjællands Storkreds
Yurdal Cicek,Alternativet,Sjællands Storkreds
Jacob Harris,Borgernes Parti - Lars Boje Mathiesen,Sjællands Storkreds
John Bo Hansen,Borgernes Parti - Lars Boje Mathiesen,Sjællands Storkreds
Sanne Pilgaard,Borgernes Parti - Lars Boje Mathiesen,Sjællands Storkreds
Tim Larsen,Borgernes Parti - Lars Boje Mathiesen,Sjællands Storkreds
Benny Damgaard,Danmarksdemokraterne - Inger Støjberg,Sjællands Storkreds
Bob Richard Nielsen,Danmarksdemokraterne - Inger Støjberg,Sjællands Storkreds
Brian Mørch,Danmarksdemokraterne - Inger Støjberg,Sjællands Storkreds
Christian Wibholm,Danmarksdemokraterne - Inger Støjberg,Sjællands Storkreds
Dina Person,Danmarksdemokraterne - Inger Støjberg,Sjællands Storkreds
John Brill Engkebølle,Danmarksdemokraterne - Inger Støjberg,Sjællands Storkreds
Martin Rahn Johansen,Danmarksdemokraterne - Inger Støjberg,Sjællands Storkreds
Michael Rosenmark,Danmarksdemokraterne - Inger Støjberg,Sjællands Storkreds
Peter Skaarup,Danmarksdemokraterne - Inger Støjberg,Sjællands Storkreds
Susie Jessen,Danmarksdemokraterne - Inger Støjberg,Sjællands Storkreds
Anders Bork,Dansk Folkeparti,Sjællands Storkreds
Henrik Brodersen,Dansk Folkeparti,Sjællands Storkreds
Jacob Bentsen,Dansk Folkeparti,Sjællands Storkreds
Jan Herskov,Dansk Folkeparti,Sjællands Storkreds
Julie Jacobsen,Dansk Folkeparti,Sjællands Storkreds
Malte Larsen,Dansk Folkeparti,Sjællands Storkreds
Michael Pihl,Dansk Folkeparti,Sjællands Storkreds
Morten Messerschmidt,Dansk Folkeparti,Sjællands Storkreds
Simon Hampe,Dansk Folkeparti,Sjællands Storkreds
Søren Lund Hansen,Dansk Folkeparti,Sjællands Storkreds
Tanja Glückstadt,Dansk Folkeparti,Sjællands Storkreds
Barbara Engelstoft,Det Konservative Folkeparti,Sjællands Storkreds
Ditte Keidser,Det Konservative Folkeparti,Sjællands Storkreds
Henrik Jacobsen,Det Konservative Folkeparti,Sjællands Storkreds
Ida Dyhr,Det Konservative Folkeparti,Sjællands Storkreds
Jacob Stryhn,Det Konservative Folkeparti,Sjællands Storkreds
Jane Christensen,Det Konservative Folkeparti,Sjællands Storkreds
Mads Ramstedt,Det Konservative Folkeparti,Sjællands Storkreds
Marcus Knuth,Det Konservative Folkeparti,Sjællands Storkreds
Rune Kristensen,Det Konservative Folkeparti,Sjællands Storkreds
Silas Ipsen,Det Konservative Folkeparti,Sjællands Storkreds
Victoria Helene Olsen,Det Konservative Folkeparti,Sjællands Storkreds
Vilhelm Møller,Det Konservative Folkeparti,Sjællands Storkreds
Birgit Gedionsen,Enhedslisten - De Rød-Grønne,Sjællands Storkreds
Bruno Jerup,Enhedslisten - De Rød-Grønne,Sjællands Storkreds
"Eva Flyvholm 10,",Enhedslisten - De Rød-Grønne,Sjællands Storkreds
Helena Hedegaard Udsen,Enhedslisten - De Rød-Grønne,Sjællands Storkreds
Jonas Paludan,Enhedslisten - De Rød-Grønne,Sjællands Storkreds
Karen Thestrup Clausen,Enhedslisten - De Rød-Grønne,Sjællands Storkreds
Kevin Alex Rasmussen,Enhedslisten - De Rød-Grønne,Sjællands Storkreds
Louis Jacobsen,Enhedslisten - De Rød-Grønne,Sjællands Storkreds
"Ludmila Plenge 2,",Enhedslisten - De Rød-Grønne,Sjællands Storkreds
Peter Roswall,Enhedslisten - De Rød-Grønne,Sjællands Storkreds
Brian Prehn,Liberal Alliance,Sjællands Storkreds
Carsten Abildtrup Ranum,Liberal Alliance,Sjællands Storkreds
Elva Bille Klem,Liberal Alliance,Sjællands Storkreds
Frederik Grünfeld,Liberal Alliance,Sjællands Storkreds
Frederik Max Krag,Liberal Alliance,Sjællands Storkreds
Henrik B. Dynesen,Liberal Alliance,Sjællands Storkreds
Joachim Riis,Liberal Alliance,Sjællands Storkreds
Julie Memborg,Liberal Alliance,Sjællands Storkreds
Kasper Schneider,Liberal Alliance,Sjællands Storkreds
Lars-Christian Brask,Liberal Alliance,Sjællands Storkreds
Mads Brenøe,Liberal Alliance,Sjællands Storkreds
Martin Mickey Pedersen,Liberal Alliance,Sjællands Storkreds
Michael Rask,Liberal Alliance,Sjællands Storkreds
Nicolai Sandager,Liberal Alliance,Sjællands Storkreds
Nikolaj Brink Olsen,Liberal Alliance,Sjællands Storkreds
Pernille Vermund,Liberal Alliance,Sjællands Storkreds
Sandra Skalvig,Liberal Alliance,Sjællands Storkreds
Steffen Friis,Liberal Alliance,Sjællands Storkreds
Susan H. Møller,Liberal Alliance,Sjællands Storkreds
Ulrik Lassen,Liberal Alliance,Sjællands Storkreds
Brian Perri,Moderaterne,Sjællands Storkreds
Charlotte Bagge,Moderaterne,Sjællands Storkreds
Frida Qvist Kristensen,Moderaterne,Sjællands Storkreds
Jan Carlsen,Moderaterne,Sjællands Storkreds
Kasper Nygaard,Moderaterne,Sjællands Storkreds
Lars Løkke Rasmussen,Moderaterne,Sjællands Storkreds
Mia Linda Møller,Moderaterne,Sjællands Storkreds
Mogens Haugaard,Moderaterne,Sjællands Storkreds
Edris Qasimi,Radikale Venstre,Sjællands Storkreds
Helena Tjørnelund Christensen,Radikale Venstre,Sjællands Storkreds
Jeppe Fransson,Radikale Venstre,Sjællands Storkreds
Jeppe Trolle,Radikale Venstre,Sjællands Storkreds
Kristian Stokholm,Radikale Venstre,Sjællands Storkreds
Line Krogh Lay,Radikale Venstre,Sjællands Storkreds
Mette Hvid Brockmann,Radikale Venstre,Sjællands Storkreds
Sofie Holm,Radikale Venstre,Sjællands Storkreds
Troels Brandt,Radikale Venstre,Sjællands Storkreds
Zenia Stampe,Radikale Venstre,Sjællands Storkreds
Ali Yahya,SF - Socialistisk Folkeparti,Sjællands Storkreds
Anne Valentina Berthelsen,SF - Socialistisk Folkeparti,Sjællands Storkreds
Astrid Carøe,SF - Socialistisk Folkeparti,Sjællands Storkreds
Claus Jørgensen,SF - Socialistisk Folkeparti,Sjællands Storkreds
Jeanne Bergmansen,SF - Socialistisk Folkeparti,Sjællands Storkreds
Jesper Hartøft,SF - Socialistisk Folkeparti,Sjællands Storkreds
Joan Kragh,SF - Socialistisk Folkeparti,Sjællands Storkreds
Kristine Amalie Rostgård,SF - Socialistisk Folkeparti,Sjællands Storkreds
Mads Olsen,SF - Socialistisk Folkeparti,Sjællands Storkreds
Martin Graff Jørgensen,SF - Socialistisk Folkeparti,Sjællands Storkreds
Michael Graakjær,SF - Socialistisk Folkeparti,Sjællands Storkreds
Pia Olsen Dyhr,SF - Socialistisk Folkeparti,Sjællands Storkreds
Carl Emil Lind,Socialdemokratiet,Sjællands Storkreds
Filiz Sarah Thunø,Socialdemokratiet,Sjællands Storkreds
Frederik Vad,Socialdemokratiet,Sjællands Storkreds
Julie Kølskov,Socialdemokratiet,Sjællands Storkreds
Kaare Dybvad Bek,Socialdemokratiet,Sjællands Storkreds
Kanishka Dastageer,Socialdemokratiet,Sjællands Storkreds
Kasper Roug,Socialdemokratiet,Sjællands Storkreds
Magnus Heunicke,Socialdemokratiet,Sjællands Storkreds
Rasmus Horn Langhoff,Socialdemokratiet,Sjællands Storkreds
Tanja Larsson,Socialdemokratiet,Sjællands Storkreds
Trine Birk Andersen,Socialdemokratiet,Sjællands Storkreds
Valdemar Alban,Socialdemokratiet,Sjællands Storkreds
Christian Friis Bach,Venstre,Sjællands Storkreds
Claus Bakke,Venstre,Sjællands Storkreds
Iben Krog,Venstre,Sjællands Storkreds
Jacob Jensen,Venstre,Sjællands Storkreds
Josefine Paaske,Venstre,Sjællands Storkreds
Louise Elholm,Venstre,Sjællands Storkreds
Marcus Danielsson,Venstre,Sjællands Storkreds
Michael Schjelde,Venstre,Sjællands Storkreds
Morten Dahlin,Venstre,Sjællands Storkreds
Rasmus Hylleberg,Venstre,Sjællands Storkreds
Thorbern Alexander Klingert,Venstre,Sjællands Storkreds
Tina Mandrup,Venstre,Sjællands Storkreds
Ane Line Søndergaard,Alternativet,Sydjyllands Storkreds
Astrid Fogh,Alternativet,Sydjyllands Storkreds
Bo Nielsen,Alternativet,Sydjyllands Storkreds
Bodil Nielsen,Alternativet,Sydjyllands Storkreds
Carsten Sohl,Alternativet,Sydjyllands Storkreds
Coco Mette Cecilie Kjærgaard,Alternativet,Sydjyllands Storkreds
Edvard Korsbæk,Alternativet,Sydjyllands Storkreds
Hans Biering Fonsbøl,Alternativet,Sydjyllands Storkreds
Mikael Hertig,Alternativet,Sydjyllands Storkreds
Mikael Winther,Alternativet,Sydjyllands Storkreds
Jan Køpke Christensen,Borgernes Parti - Lars Boje Mathiesen,Sydjyllands Storkreds
Jørn Dohrmann,Borgernes Parti - Lars Boje Mathiesen,Sydjyllands Storkreds
Karsten Byrgesen,Borgernes Parti - Lars Boje Mathiesen,Sydjyllands Storkreds
Nadja Natalie Isaksen,Borgernes Parti - Lars Boje Mathiesen,Sydjyllands Storkreds
Jakob Venø Heiwald,Danmarksdemokraterne - Inger Støjberg,Sydjyllands Storkreds
Karina Adsbøl,Danmarksdemokraterne - Inger Støjberg,Sydjyllands Storkreds
Kenneth Fredslund Petersen,Danmarksdemokraterne - Inger Støjberg,Sydjyllands Storkreds
Patrick Bryhl,Danmarksdemokraterne - Inger Støjberg,Sydjyllands Storkreds
Thomas Majgaard Byrsing,Danmarksdemokraterne - Inger Støjberg,Sydjyllands Storkreds
Ulrik Knudsen,Danmarksdemokraterne - Inger Støjberg,Sydjyllands Storkreds
Allan Svendsen,Dansk Folkeparti,Sydjyllands Storkreds
Christian Kirk,Dansk Folkeparti,Sydjyllands Storkreds
Jim Zakaria,Dansk Folkeparti,Sydjyllands Storkreds
Josephine Alstrup Kofod,Dansk Folkeparti,Sydjyllands Storkreds
Kim Andkjær Doberck,Dansk Folkeparti,Sydjyllands Storkreds
Mads-Magnus Damm,Dansk Folkeparti,Sydjyllands Storkreds
Per Knudsen,Dansk Folkeparti,Sydjyllands Storkreds
Peter Kofod,Dansk Folkeparti,Sydjyllands Storkreds
Rune Bønnelykke,Dansk Folkeparti,Sydjyllands Storkreds
Rune Højer,Dansk Folkeparti,Sydjyllands Storkreds
Sune Nørgaard Jakobsen,Dansk Folkeparti,Sydjyllands Storkreds
Tobias Brus Mikkelsen,Dansk Folkeparti,Sydjyllands Storkreds
Cecilie C. Johannsen,Det Konservative Folkeparti,Sydjyllands Storkreds
Christian Tarbensen,Det Konservative Folkeparti,Sydjyllands Storkreds
Christina Foldager,Det Konservative Folkeparti,Sydjyllands Storkreds
Dan Arnløv,Det Konservative Folkeparti,Sydjyllands Storkreds
Frederik Bloch Münster,Det Konservative Folkeparti,Sydjyllands Storkreds
Gitte Eriksen,Det Konservative Folkeparti,Sydjyllands Storkreds
Gunver Birgitte Nielsen,Det Konservative Folkeparti,Sydjyllands Storkreds
Jannie Boysen Westergaard,Det Konservative Folkeparti,Sydjyllands Storkreds
Jens Langer Schou,Det Konservative Folkeparti,Sydjyllands Storkreds
Kristian Thomsen,Det Konservative Folkeparti,Sydjyllands Storkreds
Morten Trillingsgaard Høybye,Det Konservative Folkeparti,Sydjyllands Storkreds
Rasmus Elkjær Larsen,Det Konservative Folkeparti,Sydjyllands Storkreds
Rasmus Sandvej,Det Konservative Folkeparti,Sydjyllands Storkreds
Benny Dall,Enhedslisten - De Rød-Grønne,Sydjyllands Storkreds
Helene Hellesøe Appel,Enhedslisten - De Rød-Grønne,Sydjyllands Storkreds
Holly Marie Turner,Enhedslisten - De Rød-Grønne,Sydjyllands Storkreds
Johanna-Maria Precht,Enhedslisten - De Rød-Grønne,Sydjyllands Storkreds
Lars Mogensen,Enhedslisten - De Rød-Grønne,Sydjyllands Storkreds
Lasse Harder Schousboe,Enhedslisten - De Rød-Grønne,Sydjyllands Storkreds
Lilje Holm,Enhedslisten - De Rød-Grønne,Sydjyllands Storkreds
Mathias D. Christiansen,Enhedslisten - De Rød-Grønne,Sydjyllands Storkreds
"Rasmus Vestergaard Madsen 7,",Enhedslisten - De Rød-Grønne,Sydjyllands Storkreds
Sarah Nørris,Enhedslisten - De Rød-Grønne,Sydjyllands Storkreds
"Selma Bolø 3,",Enhedslisten - De Rød-Grønne,Sydjyllands Storkreds
Carl Andersen,Liberal Alliance,Sydjyllands Storkreds
Cecilie Liv Hansen,Liberal Alliance,Sydjyllands Storkreds
Christian Fini Mosegaard,Liberal Alliance,Sydjyllands Storkreds
Christian Jørgensen,Liberal Alliance,Sydjyllands Storkreds
Frederik Klakk,Liberal Alliance,Sydjyllands Storkreds
Helena Artmann Andresen,Liberal Alliance,Sydjyllands Storkreds
Helene Lykke,Liberal Alliance,Sydjyllands Storkreds
John Rasmussen,Liberal Alliance,Sydjyllands Storkreds
Kim Alexander Jensen,Liberal Alliance,Sydjyllands Storkreds
Steffen Larsen,Liberal Alliance,Sydjyllands Storkreds
Troels Simonsen,Liberal Alliance,Sydjyllands Storkreds
Frida Bruun,Moderaterne,Sydjyllands Storkreds
Gitte Bjerremand Andersen,Moderaterne,Sydjyllands Storkreds
Henrik Frandsen,Moderaterne,Sydjyllands Storkreds
Lone Hansen,Moderaterne,Sydjyllands Storkreds
Morten Hell,Moderaterne,Sydjyllands Storkreds
Anne Marie Geisler Andersen,Radikale Venstre,Sydjyllands Storkreds
Barbara Krarup Hansen,Radikale Venstre,Sydjyllands Storkreds
Bjarne Lastein,Radikale Venstre,Sydjyllands Storkreds
Finn Hartvig Nielsen,Radikale Venstre,Sydjyllands Storkreds
Lasse Skov Ovesen,Radikale Venstre,Sydjyllands Storkreds
Lotte Rod,Radikale Venstre,Sydjyllands Storkreds
Nicholas Wentworth,Radikale Venstre,Sydjyllands Storkreds
Nils Sjøberg,Radikale Venstre,Sydjyllands Storkreds
Ole Lynggaard Jørgensen,Radikale Venstre,Sydjyllands Storkreds
Christian Mutwa Christensen,SF - Socialistisk Folkeparti,Sydjyllands Storkreds
Ina Juul Jensen,SF - Socialistisk Folkeparti,Sydjyllands Storkreds
Jørgen Kvist,SF - Socialistisk Folkeparti,Sydjyllands Storkreds
Karina Lorentzen Dehnhardt,SF - Socialistisk Folkeparti,Sydjyllands Storkreds
Magnus Flensborg,SF - Socialistisk Folkeparti,Sydjyllands Storkreds
Milo Gaarde,SF - Socialistisk Folkeparti,Sydjyllands Storkreds
Sofus Teislev,SF - Socialistisk Folkeparti,Sydjyllands Storkreds
Susanne Blegvad Posselt,SF - Socialistisk Folkeparti,Sydjyllands Storkreds
Timm Bøttger,SF - Socialistisk Folkeparti,Sydjyllands Storkreds
Anders Kronborg,Socialdemokratiet,Sydjyllands Storkreds
Anne Catherine Hoxcer Nielsen,Socialdemokratiet,Sydjyllands Storkreds
Benny Engelbrecht,Socialdemokratiet,Sydjyllands Storkreds
Birgitte Vind,Socialdemokratiet,Sydjyllands Storkreds
Bjørn Laursen,Socialdemokratiet,Sydjyllands Storkreds
Christian Rabjerg Madsen,Socialdemokratiet,Sydjyllands Storkreds
Jesper Petersen,Socialdemokratiet,Sydjyllands Storkreds
Kim Eskesen,Socialdemokratiet,Sydjyllands Storkreds
Kris Jensen Skriver,Socialdemokratiet,Sydjyllands Storkreds
Lars Rømer Olsen,Socialdemokratiet,Sydjyllands Storkreds
Maria Radoor,Socialdemokratiet,Sydjyllands Storkreds
Theis Kylling Hommeltoft,Socialdemokratiet,Sydjyllands Storkreds
Tommi Christensen,Socialdemokratiet,Sydjyllands Storkreds
Anni Matthiesen,Venstre,Sydjyllands Storkreds
Christoffer Aagaard Melson,Venstre,Sydjyllands Storkreds
Jesper Bierbaum,Venstre,Sydjyllands Storkreds
Klaus Sandfeld,Venstre,Sydjyllands Storkreds
Lasse Hildingberg,Venstre,Sydjyllands Storkreds
Niels Henning Bladt,Venstre,Sydjyllands Storkreds
Phillip Kjær Luscombe,Venstre,Sydjyllands Storkreds
Preben Friis-Hauge,Venstre,Sydjyllands Storkreds
Stephanie Lose,Venstre,Sydjyllands Storkreds
Thomas Andresen,Venstre,Sydjyllands Storkreds
Tilde Holch Duedahl,Venstre,Sydjyllands Storkreds
Tobias Jørgensen,Venstre,Sydjyllands Storkreds
Troels Overgaard,Venstre,Sydjyllands Storkreds
Didde Krabbe Johannesen,Alternativet,Vestjyllands Storkreds
Lina Sikora Christiansen,Alternativet,Vestjyllands Storkreds
Nicklas Stampe Raabjerg,Alternativet,Vestjyllands Storkreds
Peter Bilgrav,Alternativet,Vestjyllands Storkreds
Signe Sofie Larsen,Alternativet,Vestjyllands Storkreds
Steffen Tolstrup,Alternativet,Vestjyllands Storkreds
Helge K. Frandsen,Borgernes Parti - Lars Boje Mathiesen,Vestjyllands Storkreds
Jes Halfdan,Borgernes Parti - Lars Boje Mathiesen,Vestjyllands Storkreds
Maria Enemark,Borgernes Parti - Lars Boje Mathiesen,Vestjyllands Storkreds
Betina Kastbjerg,Danmarksdemokraterne - Inger Støjberg,Vestjyllands Storkreds
Dennis Flydtkjær,Danmarksdemokraterne - Inger Støjberg,Vestjyllands Storkreds
Mads Fuglede,Danmarksdemokraterne - Inger Støjberg,Vestjyllands Storkreds
Marcus Juul Grønbæk,Danmarksdemokraterne - Inger Støjberg,Vestjyllands Storkreds
Morten Vehl Revsbeck,Danmarksdemokraterne - Inger Støjberg,Vestjyllands Storkreds
Vivi Altenburg,Danmarksdemokraterne - Inger Støjberg,Vestjyllands Storkreds
Knud Nielsen,Dansk Folkeparti,Vestjyllands Storkreds
Lone Langballe,Dansk Folkeparti,Vestjyllands Storkreds
Michelle Sundahl,Dansk Folkeparti,Vestjyllands Storkreds
Mikael Würtz,Dansk Folkeparti,Vestjyllands Storkreds
Søren Boel Olesen,Dansk Folkeparti,Vestjyllands Storkreds
Dina Andersen-Raabjerg,Det Konservative Folkeparti,Vestjyllands Storkreds
Gorm Hoff Lauridsen,Det Konservative Folkeparti,Vestjyllands Storkreds
Jørgen Christian Pedersen,Det Konservative Folkeparti,Vestjyllands Storkreds
Lau Sørensen,Det Konservative Folkeparti,Vestjyllands Storkreds
Lennart Qvist,Det Konservative Folkeparti,Vestjyllands Storkreds
Lise Bertelsen,Det Konservative Folkeparti,Vestjyllands Storkreds
Marianne Karlsmose,Det Konservative Folkeparti,Vestjyllands Storkreds
Michael Grove,Det Konservative Folkeparti,Vestjyllands Storkreds
Nicklas Verne,Det Konservative Folkeparti,Vestjyllands Storkreds
Siff Tang Lassen,Det Konservative Folkeparti,Vestjyllands Storkreds
Simon Højer,Det Konservative Folkeparti,Vestjyllands Storkreds
Aksel Rosager Johansen,Enhedslisten - De Rød-Grønne,Vestjyllands Storkreds
Christian Juhl,Enhedslisten - De Rød-Grønne,Vestjyllands Storkreds
Damian Hartvig Mathiesen,Enhedslisten - De Rød-Grønne,Vestjyllands Storkreds
Henning Bo Madsen,Enhedslisten - De Rød-Grønne,Vestjyllands Storkreds
Henning Lindberg,Enhedslisten - De Rød-Grønne,Vestjyllands Storkreds
Jacob Abildgaard,Enhedslisten - De Rød-Grønne,Vestjyllands Storkreds
Lars Dohn,Enhedslisten - De Rød-Grønne,Vestjyllands Storkreds
"Lisbeth Torfing 3,",Enhedslisten - De Rød-Grønne,Vestjyllands Storkreds
"Stine Ry Andersen 8,",Enhedslisten - De Rød-Grønne,Vestjyllands Storkreds
Annette Sofia Skotte,Liberal Alliance,Vestjyllands Storkreds
Carsten Bach,Liberal Alliance,Vestjyllands Storkreds
Helle Jensen,Liberal Alliance,Vestjyllands Storkreds
Iben Forum Jeppesen,Liberal Alliance,Vestjyllands Storkreds
Keld Lorenzen,Liberal Alliance,Vestjyllands Storkreds
Kevin Possekel,Liberal Alliance,Vestjyllands Storkreds
Michael Valbjørn,Liberal Alliance,Vestjyllands Storkreds
Ragnar Dixen,Liberal Alliance,Vestjyllands Storkreds
Steffen Troldtoft,Liberal Alliance,Vestjyllands Storkreds
Svend Stein Olsen,Liberal Alliance,Vestjyllands Storkreds
Thorbjørn Jacobsen,Liberal Alliance,Vestjyllands Storkreds
Jeppe von Berg,Moderaterne,Vestjyllands Storkreds
Martin Sanderhoff,Moderaterne,Vestjyllands Storkreds
Michael Nielsen,Moderaterne,Vestjyllands Storkreds
Morten E.G. Brautsch,Moderaterne,Vestjyllands Storkreds
Casper Hindkjær,Radikale Venstre,Vestjyllands Storkreds
Hanne Frølund,Radikale Venstre,Vestjyllands Storkreds
Johan Brødsgaard,Radikale Venstre,Vestjyllands Storkreds
Kim Pagels,Radikale Venstre,Vestjyllands Storkreds
Lone Kjær Hein,Radikale Venstre,Vestjyllands Storkreds
Peter Vestergaard,Radikale Venstre,Vestjyllands Storkreds
Philip Vivet,Radikale Venstre,Vestjyllands Storkreds
Anders Bøge,SF - Socialistisk Folkeparti,Vestjyllands Storkreds
Bente Refslund,SF - Socialistisk Folkeparti,Vestjyllands Storkreds
Emma Thorup Jacobsen,SF - Socialistisk Folkeparti,Vestjyllands Storkreds
Niels Kristian Larsen,SF - Socialistisk Folkeparti,Vestjyllands Storkreds
Nils Brøgger,SF - Socialistisk Folkeparti,Vestjyllands Storkreds
Signe Munk,SF - Socialistisk Folkeparti,Vestjyllands Storkreds
Anders Andreasen,Socialdemokratiet,Vestjyllands Storkreds
Anne Paulin,Socialdemokratiet,Vestjyllands Storkreds
Eva Borchorst Mejnertz,Socialdemokratiet,Vestjyllands Storkreds
Kasper B.G. Lauritsen,Socialdemokratiet,Vestjyllands Storkreds
Katrine Evelyn Jensen,Socialdemokratiet,Vestjyllands Storkreds
Lars Fibæk,Socialdemokratiet,Vestjyllands Storkreds
Lise Jørgensen,Socialdemokratiet,Vestjyllands Storkreds
Mogens Jensen,Socialdemokratiet,Vestjyllands Storkreds
Per Kamp Stefansen,Socialdemokratiet,Vestjyllands Storkreds
Peter Kempf Pedersen,Socialdemokratiet,Vestjyllands Storkreds
Vinnie Borbjerg,Socialdemokratiet,Vestjyllands Storkreds
Knud Gaarn-Larsen,Uden for partierne,Vestjyllands Storkreds
Erik Flyvholm,Venstre,Vestjyllands Storkreds
Frederik Houmann Thuesen,Venstre,Vestjyllands Storkreds
Gert Bækgaard,Venstre,Vestjyllands Storkreds
Jarl Matthiesen,Venstre,Vestjyllands Storkreds
Kasper Thomassen,Venstre,Vestjyllands Storkreds
Majbrit Nørgaard,Venstre,Vestjyllands Storkreds
Morten Høgh,Venstre,Vestjyllands Storkreds
Ralf Høgedal,Venstre,Vestjyllands Storkreds
Søren Gade,Venstre,Vestjyllands Storkreds
Thomas Danielsen,Venstre,Vestjyllands Storkreds
Trine Jepsen,Venstre,Vestjyllands Storkreds
Anna Calero,Alternativet,Østjyllands Storkreds
Bjørn Olsen,Alternativet,Østjyllands Storkreds
Gitte Dreier Jacobsen,Alternativet,Østjyllands Storkreds
Hanne K. Mortensen,Alternativet,Østjyllands Storkreds
Juma Nellemann Kruse,Alternativet,Østjyllands Storkreds
Karina Konrad,Alternativet,Østjyllands Storkreds
Kim Sørensen,Alternativet,Østjyllands Storkreds
Lissi Bagge,Alternativet,Østjyllands Storkreds
Mads Damgaard Mortensen,Alternativet,Østjyllands Storkreds
Marcus Bech Pedersen,Alternativet,Østjyllands Storkreds
Nikoline Erbs Hillers-Bendtsen,Alternativet,Østjyllands Storkreds
Pernille Skærsø,Alternativet,Østjyllands Storkreds
Sasja Elkjær Krogsdal,Alternativet,Østjyllands Storkreds
Steffen Hedegaard Attermann Brinch,Alternativet,Østjyllands Storkreds
Tenna Duch Schaldemose,Alternativet,Østjyllands Storkreds
Thomas Due Nielsen,Alternativet,Østjyllands Storkreds
Thomas Quist Mortensen,Alternativet,Østjyllands Storkreds
Thor Clasen Jonasen,Alternativet,Østjyllands Storkreds
Tina Kjær,Alternativet,Østjyllands Storkreds
Torsten Gejl,Alternativet,Østjyllands Storkreds
Lars Boje Mathiesen,Borgernes Parti - Lars Boje Mathiesen,Østjyllands Storkreds
Michael Bang Pedersen,Borgernes Parti - Lars Boje Mathiesen,Østjyllands Storkreds
Viviane Ellasofie Karlsen,Borgernes Parti - Lars Boje Mathiesen,Østjyllands Storkreds
Erik Poulsen,Danmarksdemokraterne - Inger Støjberg,Østjyllands Storkreds
Hans Kristian Skibby,Danmarksdemokraterne - Inger Støjberg,Østjyllands Storkreds
Lone Glarbo,Danmarksdemokraterne - Inger Støjberg,Østjyllands Storkreds
Magnus Bigum,Danmarksdemokraterne - Inger Støjberg,Østjyllands Storkreds
Rune Mikkelsen,Danmarksdemokraterne - Inger Støjberg,Østjyllands Storkreds
Jens Kannegaard Lundager,Dansk Folkeparti,Østjyllands Storkreds
Mercedes Czank,Dansk Folkeparti,Østjyllands Storkreds
Michael Nedersøe,Dansk Folkeparti,Østjyllands Storkreds
Nana Harring,Dansk Folkeparti,Østjyllands Storkreds
Nick Zimmermann,Dansk Folkeparti,Østjyllands Storkreds
Anders Krojgaard Lund,Det Konservative Folkeparti,Østjyllands Storkreds
Bia Ndamukunda,Det Konservative Folkeparti,Østjyllands Storkreds
Bjørn Jensen,Det Konservative Folkeparti,Østjyllands Storkreds
Caroline Svejsø,Det Konservative Folkeparti,Østjyllands Storkreds
Charlotte Green,Det Konservative Folkeparti,Østjyllands Storkreds
Jacob Skjærris,Det Konservative Folkeparti,Østjyllands Storkreds
Michael Faust Horsbøl,Det Konservative Folkeparti,Østjyllands Storkreds
Mona Juul,Det Konservative Folkeparti,Østjyllands Storkreds
Morten Sørensen,Det Konservative Folkeparti,Østjyllands Storkreds
Peter Sporleder,Det Konservative Folkeparti,Østjyllands Storkreds
Viktor Thyregod Sivertsen,Det Konservative Folkeparti,Østjyllands Storkreds
Christina Hedegaard Hansen,Enhedslisten - De Rød-Grønne,Østjyllands Storkreds
Dennis Munk,Enhedslisten - De Rød-Grønne,Østjyllands Storkreds
Edith Vels,Enhedslisten - De Rød-Grønne,Østjyllands Storkreds
Jakob Jensen,Enhedslisten - De Rød-Grønne,Østjyllands Storkreds
Kristjar Skajaa,Enhedslisten - De Rød-Grønne,Østjyllands Storkreds
Lisbeth Ivanhoe,Enhedslisten - De Rød-Grønne,Østjyllands Storkreds
Maria Sørensen,Enhedslisten - De Rød-Grønne,Østjyllands Storkreds
Maria Temponeras,Enhedslisten - De Rød-Grønne,Østjyllands Storkreds
Martin Laursen,Enhedslisten - De Rød-Grønne,Østjyllands Storkreds
"Trine Mach 1,",Enhedslisten - De Rød-Grønne,Østjyllands Storkreds
Alex Vanopslagh,Liberal Alliance,Østjyllands Storkreds
Chris Hvidberg,Liberal Alliance,Østjyllands Storkreds
Jens Meilvang,Liberal Alliance,Østjyllands Storkreds
Kim Møller-Nielsen,Liberal Alliance,Østjyllands Storkreds
Lars Abildskov,Liberal Alliance,Østjyllands Storkreds
Louise Brown,Liberal Alliance,Østjyllands Storkreds
Louise Svenstrup,Liberal Alliance,Østjyllands Storkreds
Michael Klausen,Liberal Alliance,Østjyllands Storkreds
Niels Povlsgaard,Liberal Alliance,Østjyllands Storkreds
Søren Jensen,Liberal Alliance,Østjyllands Storkreds
Caroline Stage,Moderaterne,Østjyllands Storkreds
Christina Egelund,Moderaterne,Østjyllands Storkreds
Peter Have,Moderaterne,Østjyllands Storkreds
Sara Pernille Jespersen,Moderaterne,Østjyllands Storkreds
Sten Larsen,Moderaterne,Østjyllands Storkreds
Susan Kronborg,Moderaterne,Østjyllands Storkreds
Søren Vanting,Moderaterne,Østjyllands Storkreds
Anne Sophie Callesen,Radikale Venstre,Østjyllands Storkreds
Bjarke Jensen,Radikale Venstre,Østjyllands Storkreds
Hanne Roed,Radikale Venstre,Østjyllands Storkreds
Katrine Robsøe,Radikale Venstre,Østjyllands Storkreds
Line Rasmussen,Radikale Venstre,Østjyllands Storkreds
Mathias Sikora,Radikale Venstre,Østjyllands Storkreds
Rabih Azad-Ahmad,Radikale Venstre,Østjyllands Storkreds
Rikke Christensen,Radikale Venstre,Østjyllands Storkreds
Rune Christiansen,Radikale Venstre,Østjyllands Storkreds
Anna Brændemose,SF - Socialistisk Folkeparti,Østjyllands Storkreds
Carina Sarkkinen,SF - Socialistisk Folkeparti,Østjyllands Storkreds
Charlotte Broman Mølbæk,SF - Socialistisk Folkeparti,Østjyllands Storkreds
Charlotte Vindeløv,SF - Socialistisk Folkeparti,Østjyllands Storkreds
Kirsten Normann Andersen,SF - Socialistisk Folkeparti,Østjyllands Storkreds
Morten Siig Henriksen,SF - Socialistisk Folkeparti,Østjyllands Storkreds
Paw Hedegaard Amdisen,SF - Socialistisk Folkeparti,Østjyllands Storkreds
Rasmus T. Mortensen,SF - Socialistisk Folkeparti,Østjyllands Storkreds
Sofie Lippert,SF - Socialistisk Folkeparti,Østjyllands Storkreds
Søren Lahn Sloth,SF - Socialistisk Folkeparti,Østjyllands Storkreds
Anders Kühnau,Socialdemokratiet,Østjyllands Storkreds
Camilla Fabricius,Socialdemokratiet,Østjyllands Storkreds
Dorthe Hindborg,Socialdemokratiet,Østjyllands Storkreds
Erik Særkjær,Socialdemokratiet,Østjyllands Storkreds
Leif Lahn Jensen,Socialdemokratiet,Østjyllands Storkreds
Louise Stenmann,Socialdemokratiet,Østjyllands Storkreds
Malte Larsen,Socialdemokratiet,Østjyllands Storkreds
Mathias Thybo,Socialdemokratiet,Østjyllands Storkreds
Nicolai Wammen,Socialdemokratiet,Østjyllands Storkreds
Pia Halkjær,Socialdemokratiet,Østjyllands Storkreds
Thomas Monberg,Socialdemokratiet,Østjyllands Storkreds
Søren Skjold Andersen,Uden for partierne,Østjyllands Storkreds
Emil M. D. Christensen,Venstre,Østjyllands Storkreds
Erik Veje Rasmussen,Venstre,Østjyllands Storkreds
Gert Bjerregaard,Venstre,Østjyllands Storkreds
Hans Skou,Venstre,Østjyllands Storkreds
Henrik Rejnholt Andersen,Venstre,Østjyllands Storkreds
Karina Aamann,Venstre,Østjyllands Storkreds
Louise Høeg,Venstre,Østjyllands Storkreds
Louise Louring,Venstre,Østjyllands Storkreds
Mathilde Hjort Bressum,Venstre,Østjyllands Storkreds
Sebastian Støckler,Venstre,Østjyllands Storkreds
Troels Lund Poulsen,Venstre,Østjyllands Storkreds
