candidate_name,party_name,storkreds,har_tiktok,tiktok_url
Aksel Rosager Johansen,Enhedslisten - De Rød-Grønne,Vestjyllands Storkreds,ukendt,
Alex Ahrendtsen,Dansk Folkeparti,Fyns Storkreds,nej,
Alex Vanopslagh,Liberal Alliance,Østjyllands Storkreds,ja,https://www.tiktok.com/@alexvanopslagh
Alexander Bruhn Skjøth,SF - Socialistisk Folkeparti,Københavns Omegns Storkreds,ukendt,
Alexander Ryle,Liberal Alliance,Københavns Storkreds,ja,https://www.tiktok.com/@alexanderryle
Ali Qais,Moderaterne,Københavns Storkreds,nej,
Ali Yahya,SF - Socialistisk Folkeparti,Sjællands Storkreds,nej,
Allan Feldt,Dansk Folkeparti,Københavns Storkreds,ja,https://www.tiktok.com/@realallanfeldt
Allan Hansen Lindemark,Alternativet,Sjællands Storkreds,ukendt,
Allan Holm,Borgernes Parti - Lars Boje Mathiesen,Fyns Storkreds,nej,
Allan Orland,Borgernes Parti - Lars Boje Mathiesen,Københavns Omegns Storkreds,ukendt,
Allan Svendsen,Dansk Folkeparti,Sydjyllands Storkreds,ukendt,
Amanda Heitmann,Venstre,Fyns Storkreds,ja,https://www.tiktok.com/@amandaheitmann
Anastasia Milthers,Radikale Venstre,Fyns Storkreds,ja,https://www.tiktok.com/@anastasia_milthers
Anders Andreasen,Socialdemokratiet,Vestjyllands Storkreds,ukendt,
Anders Bo Larsen,Venstre,Københavns Omegns Storkreds,nej,
Anders Bork,Dansk Folkeparti,Sjællands Storkreds,ukendt,
Anders Bøge,SF - Socialistisk Folkeparti,Vestjyllands Storkreds,ukendt,
Anders Fausbøll,Venstre,Københavns Storkreds,ukendt,
Anders Havelund Krøyer,Det Konservative Folkeparti,Københavns Storkreds,ukendt,
Anders Krojgaard Lund,Det Konservative Folkeparti,Østjyllands Storkreds,nej,
Anders Kronborg,Socialdemokratiet,Sydjyllands Storkreds,ja,https://www.tiktok.com/@kronborg1982
Anders Kühnau,Socialdemokratiet,Østjyllands Storkreds,nej,
Anders Peter Hansen,Liberal Alliance,Nordjyllands Storkreds,ja,https://www.tiktok.com/@anderspeterhansenla
Anders Storgaard,Det Konservative Folkeparti,Københavns Storkreds,ukendt,
Anders Sørensen,Alternativet,Københavns Storkreds,nej,
Anders Vistisen,Dansk Folkeparti,Nordjyllands Storkreds,ja,https://www.tiktok.com/@andersvistisen
Andreas Fjord Larsen,Venstre,Fyns Storkreds,nej,
Andreas Lausen,Moderaterne,Fyns Storkreds,nej,
Andreas Raben,Moderaterne,Nordsjællands Storkreds,ja,https://www.tiktok.com/@andreasraben
Ane Halsboe-Jørgensen,Socialdemokratiet,Nordjyllands Storkreds,ukendt,
Ane Line Søndergaard,Alternativet,Sydjyllands Storkreds,ukendt,
Anette Jensen Smith,Alternativet,Nordjyllands Storkreds,ja,https://www.tiktok.com/@anette.jensen.smi
Anita Vivi Lilholt,Venstre,Nordjyllands Storkreds,ukendt,
Anja Busch,Borgernes Parti - Lars Boje Mathiesen,Fyns Storkreds,ukendt,
Anja Lund,Venstre,Fyns Storkreds,ja,https://www.tiktok.com/@anjalund753
Anja Rosengreen,SF - Socialistisk Folkeparti,Nordsjællands Storkreds,ukendt,
Anna Bjerre,Alternativet,Nordjyllands Storkreds,ukendt,
Anna Brændemose,SF - Socialistisk Folkeparti,Østjyllands Storkreds,ukendt,
Anna Calero,Alternativet,Østjyllands Storkreds,nej,
Anna Katrine Leth Rehn,SF - Socialistisk Folkeparti,Fyns Storkreds,ukendt,
Anna Poulsen,SF - Socialistisk Folkeparti,Nordsjællands Storkreds,nej,
Anne Catherine Hoxcer Nielsen,Socialdemokratiet,Sydjyllands Storkreds,nej,
Anne Fiber,Det Konservative Folkeparti,Fyns Storkreds,ukendt,
Anne Honoré Østergaard,Venstre,Nordjyllands Storkreds,ukendt,
Anne Marie Geisler Andersen,Radikale Venstre,Sydjyllands Storkreds,nej,
Anne Møllegaard Mortensen,Dansk Folkeparti,Fyns Storkreds,ukendt,
Anne Paulin,Socialdemokratiet,Vestjyllands Storkreds,nej,
Anne Sophie Callesen,Radikale Venstre,Østjyllands Storkreds,ja,https://www.tiktok.com/@annesophierv
Anne Valentina Berthelsen,SF - Socialistisk Folkeparti,Sjællands Storkreds,ukendt,
Anne-Marie Hemmeth,Alternativet,Nordjyllands Storkreds,nej,
Anne-Sofie Sadolin,Radikale Venstre,Københavns Storkreds,ukendt,
Annette Rieva,Venstre,Nordsjællands Storkreds,ukendt,
Annette Sofia Skotte,Liberal Alliance,Vestjyllands Storkreds,nej,
Anni Matthiesen,Venstre,Sydjyllands Storkreds,ja,https://www.tiktok.com/@annimatthiesen
Annie Hagel,Enhedslisten - De Rød-Grønne,Nordsjællands Storkreds,nej,
Araz Khan,Liberal Alliance,Fyns Storkreds,nej,
Arne Hyldgaard,Borgernes Parti - Lars Boje Mathiesen,Nordjyllands Storkreds,ukendt,
Asbjørn Reissmann,Socialdemokratiet,Københavns Storkreds,ukendt,
Asta Kofod,Enhedslisten - De Rød-Grønne,Bornholms Storkreds,ukendt,
Astrid Carøe,SF - Socialistisk Folkeparti,Sjællands Storkreds,ukendt,
Astrid Fogh,Alternativet,Sydjyllands Storkreds,nej,
Astrid Søborg,Venstre,Københavns Omegns Storkreds,ukendt,
Ayhan Kilic,Moderaterne,Nordsjællands Storkreds,ja,https://www.tiktok.com/@ayhankilic_moderaterne
Barbara Engelstoft,Det Konservative Folkeparti,Sjællands Storkreds,ukendt,
Barbara Krarup Hansen,Radikale Venstre,Sydjyllands Storkreds,ja,https://www.tiktok.com/@barbarakrarup
Benjamin Christensen,SF - Socialistisk Folkeparti,Nordjyllands Storkreds,ja,https://www.tiktok.com/@benjaminrfchristensen
Benny Bindslev,Danmarksdemokraterne - Inger Støjberg,Københavns Storkreds,ukendt,
Benny Dall,Enhedslisten - De Rød-Grønne,Sydjyllands Storkreds,ukendt,
Benny Damgaard,Danmarksdemokraterne - Inger Støjberg,Sjællands Storkreds,ukendt,
Benny Engelbrecht,Socialdemokratiet,Sydjyllands Storkreds,ukendt,
Bente Refslund,SF - Socialistisk Folkeparti,Vestjyllands Storkreds,ukendt,
Berit Raldin,Enhedslisten - De Rød-Grønne,Nordjyllands Storkreds,ukendt,
Betina Asbæk,Moderaterne,Københavns Omegns Storkreds,ukendt,
Betina Kastbjerg,Danmarksdemokraterne - Inger Støjberg,Vestjyllands Storkreds,ja,https://www.tiktok.com/@betinakastbjerg
Bia Ndamukunda,Det Konservative Folkeparti,Østjyllands Storkreds,ukendt,
Bianca Vitting,Enhedslisten - De Rød-Grønne,Københavns Omegns Storkreds,ukendt,
Birgit Gedionsen,Enhedslisten - De Rød-Grønne,Sjællands Storkreds,ukendt,
Birgitte Bergman,Det Konservative Folkeparti,Nordsjællands Storkreds,ukendt,
Birgitte Vind,Socialdemokratiet,Sydjyllands Storkreds,ukendt,
Birthe Tindbæk Bredo,Venstre,Bornholms Storkreds,ukendt,
Bjarke Bisgaard Yolal,SF - Socialistisk Folkeparti,Københavns Storkreds,ukendt,
Bjarke Jensen,Radikale Venstre,Østjyllands Storkreds,ukendt,
Bjarne Lastein,Radikale Venstre,Sydjyllands Storkreds,ukendt,
Bjørn Brandenborg,Socialdemokratiet,Fyns Storkreds,ja,https://www.tiktok.com/@bjornbrandenborg
Bjørn Jensen,Det Konservative Folkeparti,Østjyllands Storkreds,ukendt,
Bjørn Laursen,Socialdemokratiet,Sydjyllands Storkreds,ukendt,
Bjørn Olsen,Alternativet,Østjyllands Storkreds,ukendt,
Bo Nielsen,Alternativet,Sydjyllands Storkreds,nej,
Bo Ritterbusch,Liberal Alliance,Nordjyllands Storkreds,nej,
Bo Tønnesen,Alternativet,Fyns Storkreds,ukendt,
Bo Vibe Ancher Jensen,Dansk Folkeparti,Bornholms Storkreds,nej,
Bob Richard Nielsen,Danmarksdemokraterne - Inger Støjberg,Sjællands Storkreds,nej,
Bodil Helbo,Alternativet,Fyns Storkreds,ukendt,
Bodil Nielsen,Alternativet,Sydjyllands Storkreds,ukendt,
Brian Køster,Radikale Venstre,Københavns Omegns Storkreds,ja,https://www.tiktok.com/@briankoster
Brian Lyck Jørgensen,Dansk Folkeparti,Nordsjællands Storkreds,ukendt,
Brian Mørch,Danmarksdemokraterne - Inger Støjberg,Sjællands Storkreds,ukendt,
Brian Perri,Moderaterne,Sjællands Storkreds,ukendt,
Brian Prehn,Liberal Alliance,Sjællands Storkreds,ukendt,
Bruno Jerup,Enhedslisten - De Rød-Grønne,Sjællands Storkreds,ukendt,
Camilla Fabricius,Socialdemokratiet,Østjyllands Storkreds,nej,
Camilla Hoffmann,Socialdemokratiet,Københavns Storkreds,ukendt,
Camilla Schuster Nygaard,Moderaterne,Fyns Storkreds,ukendt,
Carina Høedt,Det Konservative Folkeparti,Københavns Storkreds,ja,https://www.tiktok.com/@carina.til.folketinget
Carina Sarkkinen,SF - Socialistisk Folkeparti,Østjyllands Storkreds,ukendt,
Carl Andersen,Liberal Alliance,Sydjyllands Storkreds,ja,https://www.tiktok.com/@carlandersen27
Carl Emil Lind,Socialdemokratiet,Sjællands Storkreds,ja,https://www.tiktok.com/@carl.emil.lind.ch
Carl Valentin,SF - Socialistisk Folkeparti,Københavns Storkreds,ukendt,
Carolina Cámara,Enhedslisten - De Rød-Grønne,Nordsjællands Storkreds,ja,https://www.tiktok.com/@caarolinacamaraa
Caroline Lochow,Enhedslisten - De Rød-Grønne,Københavns Omegns Storkreds,ukendt,
Caroline Stage,Moderaterne,Østjyllands Storkreds,ukendt,
Caroline Svejsø,Det Konservative Folkeparti,Østjyllands Storkreds,ukendt,
Carsten Abildtrup Ranum,Liberal Alliance,Sjællands Storkreds,ukendt,
Carsten Bach,Liberal Alliance,Vestjyllands Storkreds,ukendt,
Carsten Bedsted,Radikale Venstre,Nordjyllands Storkreds,ja,https://www.tiktok.com/@carstenbedsted
Carsten Sohl,Alternativet,Sydjyllands Storkreds,ukendt,
Casper Hindkjær,Radikale Venstre,Vestjyllands Storkreds,ukendt,
Catharina Næsby Malkki,Alternativet,Københavns Storkreds,ukendt,
Cecilie C. Johannsen,Det Konservative Folkeparti,Sydjyllands Storkreds,ukendt,
Cecilie Liv Hansen,Liberal Alliance,Sydjyllands Storkreds,ja,https://www.tiktok.com/@cecilieldh
Cecilie Louise Balbay Holdt,SF - Socialistisk Folkeparti,Københavns Storkreds,ukendt,
Charlotte Bagge,Moderaterne,Sjællands Storkreds,nej,
Charlotte Broman Mølbæk,SF - Socialistisk Folkeparti,Østjyllands Storkreds,nej,
Charlotte Ellenberger,SF - Socialistisk Folkeparti,Fyns Storkreds,nej,
Charlotte Friberg Henriksen,Borgernes Parti - Lars Boje Mathiesen,Bornholms Storkreds,ukendt,
Charlotte Green,Det Konservative Folkeparti,Østjyllands Storkreds,nej,
Charlotte Haagendrup,Moderaterne,Nordsjællands Storkreds,ukendt,
Charlotte Lund,Enhedslisten - De Rød-Grønne,Københavns Storkreds,nej,
Charlotte Munch,Danmarksdemokraterne - Inger Støjberg,Københavns Omegns Storkreds,ukendt,
Charlotte Møller-Madsen,Borgernes Parti - Lars Boje Mathiesen,Fyns Storkreds,ukendt,
Charlotte Nellemann,Liberal Alliance,Københavns Storkreds,ukendt,
Charlotte Vindeløv,SF - Socialistisk Folkeparti,Østjyllands Storkreds,ukendt,
Chelle Lilly Albøge,Liberal Alliance,Nordsjællands Storkreds,nej,
Chris Hvidberg,Liberal Alliance,Østjyllands Storkreds,ukendt,
Christian Elkjær,Radikale Venstre,Nordsjællands Storkreds,ukendt,
Christian Faurholdt Jeppesen,Socialdemokratiet,Bornholms Storkreds,ukendt,
Christian Fini Mosegaard,Liberal Alliance,Sydjyllands Storkreds,ukendt,
Christian Friis Bach,Venstre,Sjællands Storkreds,nej,
Christian Juhl,Enhedslisten - De Rød-Grønne,Vestjyllands Storkreds,ukendt,
Christian Jørgensen,Liberal Alliance,Sydjyllands Storkreds,ukendt,
Christian Kirk,Dansk Folkeparti,Sydjyllands Storkreds,ja,https://www.tiktok.com/@christiankirk00
Christian Mutwa Christensen,SF - Socialistisk Folkeparti,Sydjyllands Storkreds,ukendt,
Christian Rabjerg Madsen,Socialdemokratiet,Sydjyllands Storkreds,ukendt,
Christian Tarbensen,Det Konservative Folkeparti,Sydjyllands Storkreds,ukendt,
Christian Vigilius,Det Konservative Folkeparti,Københavns Omegns Storkreds,ukendt,
Christian Wibholm,Danmarksdemokraterne - Inger Støjberg,Sjællands Storkreds,ukendt,
Christina Egelund,Moderaterne,Østjyllands Storkreds,nej,
Christina Eilers,Enhedslisten - De Rød-Grønne,Nordjyllands Storkreds,ukendt,
Christina Falkberg,Radikale Venstre,Københavns Omegns Storkreds,ukendt,
Christina Foldager,Det Konservative Folkeparti,Sydjyllands Storkreds,ukendt,
Christina Hedegaard Hansen,Enhedslisten - De Rød-Grønne,Østjyllands Storkreds,nej,
Christina Lykke,SF - Socialistisk Folkeparti,Nordjyllands Storkreds,ukendt,
Christina Thorholm,Radikale Venstre,Nordsjællands Storkreds,ukendt,
Christoffer Aagaard Melson,Venstre,Sydjyllands Storkreds,ukendt,
Christoffer Emil Jexen,Enhedslisten - De Rød-Grønne,Nordsjællands Storkreds,ukendt,
Christopher Arzrouni,Liberal Alliance,Nordsjællands Storkreds,ukendt,
Christopher Blomsterberg-Thaysen,Venstre,Københavns Omegns Storkreds,ukendt,
Clara Turms,Enhedslisten - De Rød-Grønne,Københavns Omegns Storkreds,ukendt,
Claus Bakke,Venstre,Sjællands Storkreds,ukendt,
Claus Beck,Liberal Alliance,Nordjyllands Storkreds,ukendt,
Claus Buch,Venstre,Københavns Storkreds,ukendt,
Claus Jørgensen,SF - Socialistisk Folkeparti,Sjællands Storkreds,ukendt,
Claus Oxfeldt,Venstre,Fyns Storkreds,ukendt,
Claus Skovmose,Danmarksdemokraterne - Inger Støjberg,Nordjyllands Storkreds,ukendt,
Coco Mette Cecilie Kjærgaard,Alternativet,Sydjyllands Storkreds,ja,https://www.tiktok.com/@coco.esperas
Damian Hartvig Mathiesen,Enhedslisten - De Rød-Grønne,Vestjyllands Storkreds,ukendt,
Dan Arnløv,Det Konservative Folkeparti,Sydjyllands Storkreds,ukendt,
Dan Gaardboe Rueskov,Liberal Alliance,Nordjyllands Storkreds,ukendt,
Daniel Drefeld,Det Konservative Folkeparti,Nordsjællands Storkreds,ukendt,
Daniel Juhl,Borgernes Parti - Lars Boje Mathiesen,Fyns Storkreds,nej,
Danny Rosenkilde,Dansk Folkeparti,Nordjyllands Storkreds,ukendt,
David Ibsen,Liberal Alliance,Københavns Omegns Storkreds,nej,
David Rønne,Enhedslisten - De Rød-Grønne,Københavns Storkreds,ukendt,
Denise Rostgaard,Dansk Folkeparti,Københavns Storkreds,ja,https://www.tiktok.com/@deniserostgaard
Dennis Flydtkjær,Danmarksdemokraterne - Inger Støjberg,Vestjyllands Storkreds,ja,https://www.tiktok.com/@flydtkjaer
Dennis Munk,Enhedslisten - De Rød-Grønne,Østjyllands Storkreds,nej,
Didde Krabbe Johannesen,Alternativet,Vestjyllands Storkreds,ukendt,
Dina Andersen-Raabjerg,Det Konservative Folkeparti,Vestjyllands Storkreds,ja,https://www.tiktok.com/@dinamyrupraabjerg
Dina Person,Danmarksdemokraterne - Inger Støjberg,Sjællands Storkreds,ukendt,
Ditte Keidser,Det Konservative Folkeparti,Sjællands Storkreds,ukendt,
Ditte Ravn Kaagaard,Moderaterne,Nordjyllands Storkreds,ukendt,
Dorte M. Nielsen,SF - Socialistisk Folkeparti,Nordjyllands Storkreds,nej,
Dorte Vilhelmsen,Det Konservative Folkeparti,Københavns Omegns Storkreds,ukendt,
Dorthe Beck-Nyling,Moderaterne,Københavns Omegns Storkreds,ukendt,
Dorthe Hindborg,Socialdemokratiet,Østjyllands Storkreds,ukendt,
Dorthe Kerschus,Radikale Venstre,Nordjyllands Storkreds,ukendt,
Dorthe Pedersen,Det Konservative Folkeparti,Nordjyllands Storkreds,nej,
Edith Vels,Enhedslisten - De Rød-Grønne,Østjyllands Storkreds,ja,https://www.tiktok.com/@edith_vels
Edris Qasimi,Radikale Venstre,Sjællands Storkreds,ukendt,
Edvard Korsbæk,Alternativet,Sydjyllands Storkreds,nej,
Egil Hulgaard,Det Konservative Folkeparti,Nordsjællands Storkreds,ukendt,
Eik Dahl Bidstrup,Liberal Alliance,Bornholms Storkreds,ja,https://www.tiktok.com/@eikdahlbidstrup
Elias Julius Binggeli,SF - Socialistisk Folkeparti,Nordsjællands Storkreds,ukendt,
Elise Sydendal,Alternativet,Sjællands Storkreds,ukendt,
Ellen Emilie,Moderaterne,Københavns Storkreds,ja,https://www.tiktok.com/@ellenemilie_
Elva Bille Klem,Liberal Alliance,Sjællands Storkreds,nej,
Emil Andersen,Enhedslisten - De Rød-Grønne,Nordsjællands Storkreds,nej,
Emil M. D. Christensen,Venstre,Østjyllands Storkreds,nej,
Emil Moselund,Radikale Venstre,Københavns Storkreds,ukendt,
Emil Nielsen,SF - Socialistisk Folkeparti,Nordsjællands Storkreds,nej,
Emil Sloth,Alternativet,Nordjyllands Storkreds,ja,https://www.tiktok.com/@emilslothandersen
Emil Viskum,Enhedslisten - De Rød-Grønne,Københavns Omegns Storkreds,ukendt,
Emilie Schytte,Borgernes Parti - Lars Boje Mathiesen,Nordsjællands Storkreds,ja,https://www.tiktok.com/@emilie.schytte.bp
Emilla Møller,Socialdemokratiet,Københavns Storkreds,ja,https://www.tiktok.com/@emillamoeller
Emma Biørn Tretow-Fish,Radikale Venstre,Nordjyllands Storkreds,nej,
Emma Houe Mølgaard,Dansk Folkeparti,Nordjyllands Storkreds,ukendt,
Emma Juul Hansen,Det Konservative Folkeparti,Nordsjællands Storkreds,nej,
Emma Thorup Jacobsen,SF - Socialistisk Folkeparti,Vestjyllands Storkreds,nej,
Erik Flyvholm,Venstre,Vestjyllands Storkreds,ukendt,
Erik Jensen,Socialdemokratiet,Københavns Storkreds,nej,
Erik Poulsen,Danmarksdemokraterne - Inger Støjberg,Østjyllands Storkreds,nej,
Erik Særkjær,Socialdemokratiet,Østjyllands Storkreds,ukendt,
Erik Veje Rasmussen,Venstre,Østjyllands Storkreds,ukendt,
Esat Senturk,Radikale Venstre,Københavns Omegns Storkreds,ja,https://www.tiktok.com/@esatsenturkrv
Eva Bechmann,Danmarksdemokraterne - Inger Støjberg,Københavns Storkreds,ukendt,
Eva Borchorst Mejnertz,Socialdemokratiet,Vestjyllands Storkreds,ukendt,
"Eva Flyvholm 10,",Enhedslisten - De Rød-Grønne,Sjællands Storkreds,nej,
Fatih Baran,Enhedslisten - De Rød-Grønne,Københavns Omegns Storkreds,ja,https://www.tiktok.com/@fatih.baran37
Fie Hækkerup,Socialdemokratiet,Nordsjællands Storkreds,ukendt,
Filippa Emilie Vittrup,Enhedslisten - De Rød-Grønne,Nordjyllands Storkreds,ja,https://www.tiktok.com/@filippavittrup
Filiz Sarah Thunø,Socialdemokratiet,Sjællands Storkreds,ukendt,
Finn Hartvig Nielsen,Radikale Venstre,Sydjyllands Storkreds,nej,
Flemming Møller Mortensen,Socialdemokratiet,Nordjyllands Storkreds,nej,
Flemming Steenlykke,Borgernes Parti - Lars Boje Mathiesen,Københavns Storkreds,ukendt,
Franciska Rosenkilde,Alternativet,Københavns Storkreds,nej,
Frank Clausen,Liberal Alliance,Københavns Omegns Storkreds,nej,
Frederik Blicher Pedersen,Liberal Alliance,Nordjyllands Storkreds,nej,
Frederik Bloch Münster,Det Konservative Folkeparti,Sydjyllands Storkreds,ukendt,
Frederik Germann,Det Konservative Folkeparti,Nordsjællands Storkreds,ukendt,
Frederik Grünfeld,Liberal Alliance,Sjællands Storkreds,ukendt,
Frederik Houmann Thuesen,Venstre,Vestjyllands Storkreds,ja,https://www.tiktok.com/@frederikhoumannth
Frederik Klakk,Liberal Alliance,Sydjyllands Storkreds,ja,https://www.tiktok.com/@frederikklakk
Frederik Lau Petersen,Moderaterne,Københavns Omegns Storkreds,ja,https://www.tiktok.com/@frederik_lau_petersen
Frederik Lundberg,Borgernes Parti - Lars Boje Mathiesen,Københavns Omegns Storkreds,ukendt,
Frederik Max Krag,Liberal Alliance,Sjællands Storkreds,nej,
Frederik Rosberg,Radikale Venstre,Københavns Storkreds,ukendt,
Frederik Storm,Danmarksdemokraterne - Inger Støjberg,Nordjyllands Storkreds,nej,
Frederik Vad,Socialdemokratiet,Sjællands Storkreds,ja,https://www.tiktok.com/@frederik.vad
Freja Brandhøj,Liberal Alliance,Københavns Omegns Storkreds,ukendt,
Freja Eva Lockenwitz,Radikale Venstre,Nordsjællands Storkreds,ukendt,
Frida Bruun,Moderaterne,Sydjyllands Storkreds,ukendt,
Frida Qvist Kristensen,Moderaterne,Sjællands Storkreds,ukendt,
Gabriel Aaen,Det Konservative Folkeparti,Nordjyllands Storkreds,ukendt,
Gert Bjerregaard,Venstre,Østjyllands Storkreds,nej,
Gert Bækgaard,Venstre,Vestjyllands Storkreds,ukendt,
Gert Løfgren,Dansk Folkeparti,Nordsjællands Storkreds,ukendt,
Gitte Bjerremand Andersen,Moderaterne,Sydjyllands Storkreds,nej,
Gitte Dreier Jacobsen,Alternativet,Østjyllands Storkreds,ukendt,
Gitte Eriksen,Det Konservative Folkeparti,Sydjyllands Storkreds,ukendt,
Gorm Hoff Lauridsen,Det Konservative Folkeparti,Vestjyllands Storkreds,ukendt,
Gorm Simonsen,Radikale Venstre,Nordjyllands Storkreds,ukendt,
Gunver Birgitte Nielsen,Det Konservative Folkeparti,Sydjyllands Storkreds,ukendt,
Gunvor Wibroe,Socialdemokratiet,Københavns Omegns Storkreds,ukendt,
Gustav Wilde,Liberal Alliance,Fyns Storkreds,ukendt,
HP Beck,Liberal Alliance,Nordjyllands Storkreds,ukendt,
Halime Oguz,SF - Socialistisk Folkeparti,Københavns Storkreds,ukendt,
Hanne Bjørn,Liberal Alliance,Københavns Omegns Storkreds,ukendt,
Hanne Frølund,Radikale Venstre,Vestjyllands Storkreds,ukendt,
Hanne K. Mortensen,Alternativet,Østjyllands Storkreds,ukendt,
Hanne Roed,Radikale Venstre,Østjyllands Storkreds,ukendt,
Hans Andersen,Venstre,Nordsjællands Storkreds,ja,https://www.tiktok.com/@hansandersenvenstre
Hans Biering Fonsbøl,Alternativet,Sydjyllands Storkreds,ukendt,
Hans Blaaberg,Dansk Folkeparti,Københavns Omegns Storkreds,ukendt,
Hans Jensen,Enhedslisten - De Rød-Grønne,Nordjyllands Storkreds,nej,
Hans Jørgen Adamsen,Venstre,Nordjyllands Storkreds,ukendt,
Hans Kristian Skibby,Danmarksdemokraterne - Inger Støjberg,Østjyllands Storkreds,nej,
Hans Skou,Venstre,Østjyllands Storkreds,ukendt,
Hediye Temiz,Radikale Venstre,Nordsjællands Storkreds,ja,https://www.tiktok.com/@hediyedptemiz
Helena Artmann Andresen,Liberal Alliance,Sydjyllands Storkreds,ja,https://www.tiktok.com/@helenaartmann
Helena Hedegaard Udsen,Enhedslisten - De Rød-Grønne,Sjællands Storkreds,ja,https://www.tiktok.com/@helena_hedegaard_
Helena Tjørnelund Christensen,Radikale Venstre,Sjællands Storkreds,ukendt,
Helene Brochmann,SF - Socialistisk Folkeparti,Københavns Omegns Storkreds,ukendt,
Helene Brydensholt,Alternativet,Nordsjællands Storkreds,ukendt,
Helene Fagerhøj,Det Konservative Folkeparti,Københavns Storkreds,ukendt,
Helene Hellesøe Appel,Enhedslisten - De Rød-Grønne,Sydjyllands Storkreds,ukendt,
Helene Langager,Radikale Venstre,Københavns Storkreds,ukendt,
Helene Lykke,Liberal Alliance,Sydjyllands Storkreds,ja,https://www.tiktok.com/@hjal8
Helge Bo Jensen,Enhedslisten - De Rød-Grønne,Københavns Omegns Storkreds,ukendt,
Helge K. Frandsen,Borgernes Parti - Lars Boje Mathiesen,Vestjyllands Storkreds,ukendt,
Helle Bonnesen,Det Konservative Folkeparti,Københavns Storkreds,ukendt,
Helle Jensen,Liberal Alliance,Vestjyllands Storkreds,nej,
Helle Munk Ravnborg,Enhedslisten - De Rød-Grønne,Bornholms Storkreds,ukendt,
Henning Bo Madsen,Enhedslisten - De Rød-Grønne,Vestjyllands Storkreds,ukendt,
Henning Jørgensen,SF - Socialistisk Folkeparti,Nordjyllands Storkreds,ukendt,
Henning Lindberg,Enhedslisten - De Rød-Grønne,Vestjyllands Storkreds,ukendt,
Henrik B. Dynesen,Liberal Alliance,Sjællands Storkreds,ukendt,
Henrik Brodersen,Dansk Folkeparti,Sjællands Storkreds,nej,
Henrik Frandsen,Moderaterne,Sydjyllands Storkreds,ukendt,
Henrik Jacobsen,Det Konservative Folkeparti,Sjællands Storkreds,ukendt,
Henrik Møller,Socialdemokratiet,Nordsjællands Storkreds,ukendt,
Henrik Rejnholt Andersen,Venstre,Østjyllands Storkreds,ukendt,
Holly Marie Turner,Enhedslisten - De Rød-Grønne,Sydjyllands Storkreds,ja,https://www.tiktok.com/@hollymarieturner
Ib Poulsen,Borgernes Parti - Lars Boje Mathiesen,Nordjyllands Storkreds,ukendt,
Iben Forum Jeppesen,Liberal Alliance,Vestjyllands Storkreds,ukendt,
Iben Krog,Venstre,Sjællands Storkreds,ja,https://www.tiktok.com/@iben__krog
Ibrahim Benli,Enhedslisten - De Rød-Grønne,Københavns Omegns Storkreds,ja,https://www.tiktok.com/@ibrahimbenli4
Ida Auken,Socialdemokratiet,Københavns Storkreds,ja,https://www.tiktok.com/@idaauken
Ida Dyhr,Det Konservative Folkeparti,Sjællands Storkreds,ukendt,
Ina Juul Jensen,SF - Socialistisk Folkeparti,Sydjyllands Storkreds,nej,
Inger Støjberg,Danmarksdemokraterne - Inger Støjberg,Nordjyllands Storkreds,ja,https://www.tiktok.com/@ingerstojberg
Ingrid Heintz,Alternativet,Nordsjællands Storkreds,ukendt,
Isabel Havndrup Aackmann,Radikale Venstre,Københavns Omegns Storkreds,ja,https://www.tiktok.com/@havndrup
Isabella Apelroth,Alternativet,Sjællands Storkreds,ukendt,
Isabella Arendt,Det Konservative Folkeparti,Københavns Omegns Storkreds,ukendt,
Jacob Abildgaard,Enhedslisten - De Rød-Grønne,Vestjyllands Storkreds,ukendt,
Jacob Antvorskov,Alternativet,Sjællands Storkreds,ukendt,
Jacob Bentsen,Dansk Folkeparti,Sjællands Storkreds,ukendt,
Jacob Harris,Borgernes Parti - Lars Boje Mathiesen,Sjællands Storkreds,ja,https://www.tiktok.com/@jacob.harris.borg
Jacob Holm,Alternativet,Fyns Storkreds,ukendt,
Jacob Jensen,Venstre,Sjællands Storkreds,nej,
Jacob Mark,SF - Socialistisk Folkeparti,Nordsjællands Storkreds,nej,
Jacob Robsøe,Radikale Venstre,Nordjyllands Storkreds,ukendt,
Jacob Skjærris,Det Konservative Folkeparti,Østjyllands Storkreds,ukendt,
Jacob Stryhn,Det Konservative Folkeparti,Sjællands Storkreds,ukendt,
Jacqueline Kristensen,Liberal Alliance,Københavns Omegns Storkreds,ukendt,
Jakob Engel-Schmidt,Moderaterne,Københavns Storkreds,ja,https://www.tiktok.com/@jakobengelschmidt
Jakob Jensen,Enhedslisten - De Rød-Grønne,Østjyllands Storkreds,nej,
Jakob Larsen,Radikale Venstre,Fyns Storkreds,ja,https://www.tiktok.com/@jakob.larsen.rv
Jakob Ravn Karlsen,Alternativet,Københavns Storkreds,ukendt,
Jakob Venø Heiwald,Danmarksdemokraterne - Inger Støjberg,Sydjyllands Storkreds,ukendt,
Jan Carlsen,Moderaterne,Sjællands Storkreds,nej,
Jan E. Jørgensen,Venstre,Københavns Storkreds,nej,
Jan Herskov,Dansk Folkeparti,Sjællands Storkreds,ukendt,
Jan Kristoffersen,Alternativet,Københavns Storkreds,ja,https://www.tiktok.com/@jankristoffersen
Jan Køpke Christensen,Borgernes Parti - Lars Boje Mathiesen,Sydjyllands Storkreds,ukendt,
Jan Schumann,Alternativet,Københavns Storkreds,ja,https://www.tiktok.com/@blandemaskinen
Jan Werner Mathiasen,Radikale Venstre,Fyns Storkreds,ukendt,
Jane Christensen,Det Konservative Folkeparti,Sjællands Storkreds,nej,
Jannie Boysen Westergaard,Det Konservative Folkeparti,Sydjyllands Storkreds,ukendt,
Jarl Feyling,Socialdemokratiet,Københavns Storkreds,ja,https://www.tiktok.com/@jarlfeyling
Jarl Matthiesen,Venstre,Vestjyllands Storkreds,ukendt,
Jeanne Bergmansen,SF - Socialistisk Folkeparti,Sjællands Storkreds,ja,https://www.tiktok.com/@jeannebergmansensf
Jens Anton Tingstrøm,Socialdemokratiet,Københavns Omegns Storkreds,ukendt,
Jens Frost,Radikale Venstre,Københavns Omegns Storkreds,ukendt,
Jens Henrik W. Thulesen Dahl,Danmarksdemokraterne - Inger Støjberg,Fyns Storkreds,nej,
Jens Kannegaard Lundager,Dansk Folkeparti,Østjyllands Storkreds,ukendt,
Jens Langer Schou,Det Konservative Folkeparti,Sydjyllands Storkreds,ukendt,
Jens Meilvang,Liberal Alliance,Østjyllands Storkreds,ja,https://www.tiktok.com/@jensmeilvang165
Jens Skov,SF - Socialistisk Folkeparti,Nordsjællands Storkreds,ukendt,
Jeppe Bruus,Socialdemokratiet,Fyns Storkreds,ukendt,
Jeppe Fransson,Radikale Venstre,Sjællands Storkreds,ukendt,
Jeppe Trolle,Radikale Venstre,Sjællands Storkreds,ukendt,
Jeppe von Berg,Moderaterne,Vestjyllands Storkreds,nej,
Jes Halfdan,Borgernes Parti - Lars Boje Mathiesen,Vestjyllands Storkreds,ukendt,
Jesper Bierbaum,Venstre,Sydjyllands Storkreds,ja,https://www.tiktok.com/@jesperbierbaumvenstre
Jesper Callesen,Alternativet,Københavns Omegns Storkreds,ukendt,
Jesper Hartøft,SF - Socialistisk Folkeparti,Sjællands Storkreds,ukendt,
Jesper Kiel,Enhedslisten - De Rød-Grønne,Fyns Storkreds,ukendt,
Jesper Petersen,Socialdemokratiet,Sydjyllands Storkreds,ukendt,
Jette Juul,Dansk Folkeparti,Nordsjællands Storkreds,ukendt,
Jette Larsen,Det Konservative Folkeparti,Københavns Omegns Storkreds,ukendt,
Jiesper Tristan Pedersen,Alternativet,Københavns Storkreds,ukendt,
Jim Zakaria,Dansk Folkeparti,Sydjyllands Storkreds,ukendt,
Jimmy Abel Nielsen,Liberal Alliance,Nordjyllands Storkreds,nej,
Joachim Hoffmann-Petersen,Det Konservative Folkeparti,Fyns Storkreds,nej,
Joachim Riis,Liberal Alliance,Sjællands Storkreds,nej,
Joan Kragh,SF - Socialistisk Folkeparti,Sjællands Storkreds,ukendt,
Johan Brødsgaard,Radikale Venstre,Vestjyllands Storkreds,ukendt,
Johan Emil Sevelsted,Det Konservative Folkeparti,Fyns Storkreds,ja,https://www.tiktok.com/@johanemildk
Johanna-Maria Precht,Enhedslisten - De Rød-Grønne,Sydjyllands Storkreds,ukendt,
Johannes Joyce,Liberal Alliance,Nordsjællands Storkreds,ukendt,
Johannes Skov Pedersen,SF - Socialistisk Folkeparti,Fyns Storkreds,ukendt,
John Bjerg,Borgernes Parti - Lars Boje Mathiesen,Nordjyllands Storkreds,ukendt,
John Bo Hansen,Borgernes Parti - Lars Boje Mathiesen,Sjællands Storkreds,nej,
John Brill Engkebølle,Danmarksdemokraterne - Inger Støjberg,Sjællands Storkreds,ja,https://www.tiktok.com/@brill1977
John Erik Wagner,Uden for partierne,Københavns Storkreds,ja,https://www.tiktok.com/@john.erik.wagner1
John Hoppe,Det Konservative Folkeparti,Fyns Storkreds,ja,https://www.tiktok.com/@john.hoppe1
John Rasmussen,Liberal Alliance,Sydjyllands Storkreds,ukendt,
Jonas Juhl,Liberal Alliance,Københavns Omegns Storkreds,ukendt,
Jonas Paludan,Enhedslisten - De Rød-Grønne,Sjællands Storkreds,ukendt,
Josefine Paaske,Venstre,Sjællands Storkreds,ja,https://www.tiktok.com/@josefinepaaske3
Josephine Alstrup Kofod,Dansk Folkeparti,Sydjyllands Storkreds,ukendt,
Julie Ahlefeldt-Laurvig,Det Konservative Folkeparti,Københavns Omegns Storkreds,ukendt,
Julie Herdal,Radikale Venstre,Københavns Storkreds,ukendt,
Julie Jacobsen,Dansk Folkeparti,Sjællands Storkreds,nej,
Julie Kølskov,Socialdemokratiet,Sjællands Storkreds,ukendt,
Julie Memborg,Liberal Alliance,Sjællands Storkreds,ukendt,
Juma Nellemann Kruse,Alternativet,Østjyllands Storkreds,ukendt,
Jørgen Christian Pedersen,Det Konservative Folkeparti,Vestjyllands Storkreds,ukendt,
Jørgen Hammer Sørensen,Dansk Folkeparti,Nordjyllands Storkreds,ukendt,
Jørgen Kvist,SF - Socialistisk Folkeparti,Sydjyllands Storkreds,ukendt,
Jørn Dohrmann,Borgernes Parti - Lars Boje Mathiesen,Sydjyllands Storkreds,ukendt,
Kaare Dybvad Bek,Socialdemokratiet,Sjællands Storkreds,ja,https://www.tiktok.com/@kaare_dybvad
Kaj Alstrup,Enhedslisten - De Rød-Grønne,Fyns Storkreds,ukendt,
Kanishka Dastageer,Socialdemokratiet,Sjællands Storkreds,ukendt,
Karan Khosla,Moderaterne,Københavns Omegns Storkreds,nej,
Karen Thestrup Clausen,Enhedslisten - De Rød-Grønne,Sjællands Storkreds,nej,
Karina Aamann,Venstre,Østjyllands Storkreds,ukendt,
Karina Adsbøl,Danmarksdemokraterne - Inger Støjberg,Sydjyllands Storkreds,nej,
Karina Konrad,Alternativet,Østjyllands Storkreds,ukendt,
Karina Lorentzen Dehnhardt,SF - Socialistisk Folkeparti,Sydjyllands Storkreds,ja,https://www.tiktok.com/@karina_lorentzen
Karsten Byrgesen,Borgernes Parti - Lars Boje Mathiesen,Sydjyllands Storkreds,ja,https://www.tiktok.com/@karstenbyrgesen
Karsten Hønge,SF - Socialistisk Folkeparti,Fyns Storkreds,nej,
Kashif Ahmad,Radikale Venstre,Københavns Omegns Storkreds,ja,https://www.tiktok.com/@kashifahmaddk
Kasper B.G. Lauritsen,Socialdemokratiet,Vestjyllands Storkreds,ukendt,
Kasper Flygare,Socialdemokratiet,Bornholms Storkreds,ukendt,
Kasper Nordborg Kiær,SF - Socialistisk Folkeparti,Københavns Storkreds,ukendt,
Kasper Nygaard,Moderaterne,Sjællands Storkreds,ukendt,
Kasper Roug,Socialdemokratiet,Sjællands Storkreds,ukendt,
Kasper Schneider,Liberal Alliance,Sjællands Storkreds,ukendt,
Kasper Thomassen,Venstre,Vestjyllands Storkreds,nej,
Katarina Ammitzbøll,Venstre,Nordsjællands Storkreds,ja,https://www.tiktok.com/@kammitz3
Katrine Daugaard,Liberal Alliance,Fyns Storkreds,ja,https://www.tiktok.com/@katrinedaugaard26
Katrine Evelyn Jensen,Socialdemokratiet,Vestjyllands Storkreds,ja,https://www.tiktok.com/@katrineevelynjens
Katrine Robsøe,Radikale Venstre,Østjyllands Storkreds,ukendt,
Katrine Schiller,Danmarksdemokraterne - Inger Støjberg,Nordsjællands Storkreds,nej,
Keld Lorenzen,Liberal Alliance,Vestjyllands Storkreds,nej,
Kenneth Fredslund Petersen,Danmarksdemokraterne - Inger Støjberg,Sydjyllands Storkreds,ukendt,
Kenneth Skatka Hammer,Liberal Alliance,Nordjyllands Storkreds,ukendt,
Kevin Alex Rasmussen,Enhedslisten - De Rød-Grønne,Sjællands Storkreds,nej,
Kevin Possekel,Liberal Alliance,Vestjyllands Storkreds,ukendt,
Kiki Bille Bach,Socialdemokratiet,Nordjyllands Storkreds,ja,https://www.tiktok.com/@kikibach0
Kim Aas,Socialdemokratiet,Fyns Storkreds,ja,https://www.tiktok.com/@kimaaschristensen
Kim Alexander Jensen,Liberal Alliance,Sydjyllands Storkreds,nej,
Kim Andkjær Doberck,Dansk Folkeparti,Sydjyllands Storkreds,ja,https://www.tiktok.com/@kimandkjaerdoberck
Kim Edberg Andersen,Danmarksdemokraterne - Inger Støjberg,Nordjyllands Storkreds,nej,
Kim Eskesen,Socialdemokratiet,Sydjyllands Storkreds,ukendt,
Kim Gaarsdahl,Liberal Alliance,Nordjyllands Storkreds,ja,https://www.tiktok.com/@kimgaarsdahl
Kim Hammer,Dansk Folkeparti,Københavns Omegns Storkreds,nej,
Kim Hjerrild,Alternativet,Bornholms Storkreds,ukendt,
Kim Larsen,Enhedslisten - De Rød-Grønne,Københavns Storkreds,ja,https://www.tiktok.com/@kim.larsen183
Kim Lei-Jensen,Radikale Venstre,Fyns Storkreds,ja,https://www.tiktok.com/@kimleijensen_rv
Kim Møller-Nielsen,Liberal Alliance,Østjyllands Storkreds,ukendt,
Kim Pagels,Radikale Venstre,Vestjyllands Storkreds,nej,
Kim Sørensen,Alternativet,Østjyllands Storkreds,nej,
Kim Valentin,Venstre,Københavns Omegns Storkreds,ja,https://www.tiktok.com/@kimvalentindk
Kira Danholm,Liberal Alliance,Nordsjællands Storkreds,ukendt,
Kirsten Normann Andersen,SF - Socialistisk Folkeparti,Østjyllands Storkreds,nej,
Kirstine van Sabben,Moderaterne,Bornholms Storkreds,ukendt,
Klaus Sandfeld,Venstre,Sydjyllands Storkreds,ukendt,
Klavs Norup Lauridsen,Det Konservative Folkeparti,Fyns Storkreds,ukendt,
Knud Gaarn-Larsen,Uden for partierne,Vestjyllands Storkreds,ukendt,
Knud Nielsen,Dansk Folkeparti,Vestjyllands Storkreds,ukendt,
Kresten Solvang Larsen,Liberal Alliance,Nordjyllands Storkreds,ukendt,
Kris Jensen Skriver,Socialdemokratiet,Sydjyllands Storkreds,ukendt,
Kristian Bøgsted,Danmarksdemokraterne - Inger Støjberg,Nordjyllands Storkreds,ukendt,
Kristian Stokholm,Radikale Venstre,Sjællands Storkreds,ja,https://www.tiktok.com/@stemstokholm
Kristian Thomsen,Det Konservative Folkeparti,Sydjyllands Storkreds,ukendt,
Kristine Amalie Rostgård,SF - Socialistisk Folkeparti,Sjællands Storkreds,ukendt,
Kristjar Skajaa,Enhedslisten - De Rød-Grønne,Østjyllands Storkreds,nej,
Kristoffer Kromand,Det Konservative Folkeparti,Bornholms Storkreds,ukendt,
Laila Stougaard Kofoed Espersen,Radikale Venstre,Bornholms Storkreds,ukendt,
Lars Aagaard,Moderaterne,Fyns Storkreds,nej,
Lars Abildskov,Liberal Alliance,Østjyllands Storkreds,ukendt,
Lars Boje Mathiesen,Borgernes Parti - Lars Boje Mathiesen,Østjyllands Storkreds,ja,https://www.tiktok.com/@larsbojemathiesen
Lars Bregnbak,Danmarksdemokraterne - Inger Støjberg,Nordsjællands Storkreds,ja,https://www.tiktok.com/@lars_bregnbak
Lars Dohn,Enhedslisten - De Rød-Grønne,Vestjyllands Storkreds,ukendt,
Lars Fibæk,Socialdemokratiet,Vestjyllands Storkreds,ukendt,
Lars Green Bach,Radikale Venstre,Københavns Omegns Storkreds,ukendt,
Lars Høyer Holmqvist,Liberal Alliance,Nordsjællands Storkreds,ja,https://www.tiktok.com/@larsholmqvist5
Lars König,Alternativet,Sjællands Storkreds,nej,
Lars Løkke Rasmussen,Moderaterne,Sjællands Storkreds,ja,https://www.tiktok.com/@larsloekke_
Lars Mogensen,Enhedslisten - De Rød-Grønne,Sydjyllands Storkreds,ukendt,
Lars Nissen,SF - Socialistisk Folkeparti,Fyns Storkreds,ukendt,
Lars Rømer Olsen,Socialdemokratiet,Sydjyllands Storkreds,ukendt,
Lars-Christian Brask,Liberal Alliance,Sjællands Storkreds,ja,https://www.tiktok.com/@larschristianbrask
Lasse Harder Schousboe,Enhedslisten - De Rød-Grønne,Sydjyllands Storkreds,ukendt,
Lasse Haugaard Pedersen,Socialdemokratiet,Fyns Storkreds,nej,
Lasse Hildingberg,Venstre,Sydjyllands Storkreds,ukendt,
Lasse Mejer Petersen,Enhedslisten - De Rød-Grønne,Nordjyllands Storkreds,ukendt,
Lasse Olsen,Enhedslisten - De Rød-Grønne,Nordjyllands Storkreds,ukendt,
Lasse Oszadlik,Moderaterne,Bornholms Storkreds,ukendt,
Lasse Skov Ovesen,Radikale Venstre,Sydjyllands Storkreds,ukendt,
Lasse Vogel Andersen,Det Konservative Folkeparti,Københavns Storkreds,nej,
Lau Sørensen,Det Konservative Folkeparti,Vestjyllands Storkreds,ukendt,
Laura Elise Andersen-Mühl,SF - Socialistisk Folkeparti,Fyns Storkreds,nej,
Laura Emilie Fabricius-Lauritzen,Liberal Alliance,Københavns Storkreds,ja,https://www.tiktok.com/@fabriciuslauritzen
Laura Holm,Det Konservative Folkeparti,Nordjyllands Storkreds,ja,https://www.tiktok.com/@lauraholm02
Lea Wermelin,Socialdemokratiet,Bornholms Storkreds,ja,https://www.tiktok.com/@lea.wermelin
Leif Lahn Jensen,Socialdemokratiet,Østjyllands Storkreds,nej,
Leila Stockmarr,Enhedslisten - De Rød-Grønne,Københavns Storkreds,ja,https://www.tiktok.com/@leila.stockmarr
Lene Burchardt,Det Konservative Folkeparti,Nordjyllands Storkreds,ja,https://www.tiktok.com/@leneburchardt
Lennart Qvist,Det Konservative Folkeparti,Vestjyllands Storkreds,ukendt,
Lilje Holm,Enhedslisten - De Rød-Grønne,Sydjyllands Storkreds,nej,
Lina Sikora Christiansen,Alternativet,Vestjyllands Storkreds,nej,
Linda Bollerup,SF - Socialistisk Folkeparti,Fyns Storkreds,ukendt,
Linda Frølund,Alternativet,Fyns Storkreds,ukendt,
Line Ervolder,Det Konservative Folkeparti,Københavns Storkreds,ukendt,
Line Gessø,Alternativet,Sjællands Storkreds,ukendt,
Line Krogh Lay,Radikale Venstre,Sjællands Storkreds,nej,
Line Randa,Moderaterne,Nordjyllands Storkreds,nej,
Line Rasmussen,Radikale Venstre,Østjyllands Storkreds,ja,https://www.tiktok.com/@linerasmussen
Line Østergaard Olsen,Liberal Alliance,Københavns Storkreds,ukendt,
Linea Søgaard-Lidell,Venstre,Københavns Storkreds,ja,https://www.tiktok.com/@linea.lidell
Lisbeth Bech-Nielsen,SF - Socialistisk Folkeparti,Københavns Storkreds,nej,
Lisbeth Dam Larsen,Moderaterne,Københavns Storkreds,ukendt,
Lisbeth Ivanhoe,Enhedslisten - De Rød-Grønne,Østjyllands Storkreds,ukendt,
"Lisbeth Torfing 3,",Enhedslisten - De Rød-Grønne,Vestjyllands Storkreds,ukendt,
Lise Bertelsen,Det Konservative Folkeparti,Vestjyllands Storkreds,ja,https://www.tiktok.com/@lisebertelsen2022
Lise Coermann,Alternativet,Københavns Storkreds,ukendt,
Lise Jørgensen,Socialdemokratiet,Vestjyllands Storkreds,nej,
Lise Müller,SF - Socialistisk Folkeparti,Fyns Storkreds,ukendt,
Liselotte Katarina Rotfeld,Alternativet,Sjællands Storkreds,ukendt,
Liselotte Lynge,Danmarksdemokraterne - Inger Støjberg,Nordjyllands Storkreds,ukendt,
Lissi Bagge,Alternativet,Østjyllands Storkreds,ukendt,
Lone Glarbo,Danmarksdemokraterne - Inger Støjberg,Østjyllands Storkreds,ukendt,
Lone Hansen,Moderaterne,Sydjyllands Storkreds,ja,https://www.tiktok.com/@lone.hansen0
Lone Kjær Hein,Radikale Venstre,Vestjyllands Storkreds,ukendt,
Lone Langballe,Dansk Folkeparti,Vestjyllands Storkreds,nej,
Lotte Rod,Radikale Venstre,Sydjyllands Storkreds,ukendt,
Louis Jacobsen,Enhedslisten - De Rød-Grønne,Sjællands Storkreds,nej,
Louise Brown,Liberal Alliance,Østjyllands Storkreds,ja,https://www.tiktok.com/@brownlouise
Louise Elholm,Venstre,Sjællands Storkreds,ukendt,
Louise Høeg,Venstre,Østjyllands Storkreds,ukendt,
Louise Louring,Venstre,Østjyllands Storkreds,ja,https://www.tiktok.com/@louise_louring
Louise Mehnke,Socialdemokratiet,Nordsjællands Storkreds,ukendt,
Louise Stenmann,Socialdemokratiet,Østjyllands Storkreds,ukendt,
Louise Svenstrup,Liberal Alliance,Østjyllands Storkreds,ukendt,
"Ludmila Plenge 2,",Enhedslisten - De Rød-Grønne,Sjællands Storkreds,ukendt,
Luise Hjortebjerg,Venstre,Københavns Omegns Storkreds,ukendt,
Lukas Vestergaard,Liberal Alliance,Nordjyllands Storkreds,nej,
Mads Brenøe,Liberal Alliance,Sjællands Storkreds,ukendt,
Mads Damgaard Mortensen,Alternativet,Østjyllands Storkreds,ukendt,
Mads Fuglede,Danmarksdemokraterne - Inger Støjberg,Vestjyllands Storkreds,nej,
Mads Olsen,SF - Socialistisk Folkeparti,Sjællands Storkreds,ja,https://www.tiktok.com/@madsolsensf
Mads Ramstedt,Det Konservative Folkeparti,Sjællands Storkreds,ukendt,
Mads Sebbelov,Moderaterne,Københavns Storkreds,ja,https://www.tiktok.com/@madssebbelov1
Mads Strange,Liberal Alliance,Københavns Storkreds,ja,https://www.tiktok.com/@madsstrange_
Mads-Magnus Damm,Dansk Folkeparti,Sydjyllands Storkreds,ja,https://www.tiktok.com/@madsmagnusdamm
Magnus Barsøe,Socialdemokratiet,Københavns Omegns Storkreds,ukendt,
Magnus Bigum,Danmarksdemokraterne - Inger Støjberg,Østjyllands Storkreds,ukendt,
Magnus Flensborg,SF - Socialistisk Folkeparti,Sydjyllands Storkreds,ukendt,
Magnus Georg Jensen,Radikale Venstre,Københavns Storkreds,ja,https://www.tiktok.com/@magnusgeorgjensen
Magnus Heunicke,Socialdemokratiet,Sjællands Storkreds,ja,https://www.tiktok.com/@heunicke
Magnus Von Dreiager,Det Konservative Folkeparti,Københavns Omegns Storkreds,ja,https://www.tiktok.com/@magnusvondreiager
Mai Mercado,Det Konservative Folkeparti,Fyns Storkreds,ja,https://www.tiktok.com/@maimercado_dk
Maibritt Nielsen,Danmarksdemokraterne - Inger Støjberg,Nordsjællands Storkreds,ukendt,
Majbrit Nørgaard,Venstre,Vestjyllands Storkreds,ukendt,
Malene Sandfeld,Venstre,Københavns Storkreds,ja,https://www.tiktok.com/@malenesandfeld
Malte Jäger,Liberal Alliance,Fyns Storkreds,ja,https://www.tiktok.com/@maltejagerfyn
Malte Larsen,Dansk Folkeparti,Sjællands Storkreds,ukendt,
Malte Larsen,Socialdemokratiet,Østjyllands Storkreds,ja,https://www.tiktok.com/@malte.larsen0
Marcus Bech Pedersen,Alternativet,Østjyllands Storkreds,nej,
Marcus Danielsson,Venstre,Sjællands Storkreds,ja,https://www.tiktok.com/@venstre.marcusdanielsson
Marcus Juul Grønbæk,Danmarksdemokraterne - Inger Støjberg,Vestjyllands Storkreds,ukendt,
Marcus Knuth,Det Konservative Folkeparti,Sjællands Storkreds,ukendt,
Marcus Vesterager,Socialdemokratiet,Københavns Storkreds,ukendt,
Maria Dalum,Alternativet,Fyns Storkreds,ukendt,
Maria Durhuus,Socialdemokratiet,Københavns Omegns Storkreds,ja,https://www.tiktok.com/@mariadurhuus1
Maria Enemark,Borgernes Parti - Lars Boje Mathiesen,Vestjyllands Storkreds,ukendt,
Maria Georgi Sloth,Radikale Venstre,Københavns Storkreds,ja,https://www.tiktok.com/@mariageorgisloth
Maria Gudme,Socialdemokratiet,Fyns Storkreds,ukendt,
Maria Ladegaard,Venstre,Københavns Omegns Storkreds,ukendt,
Maria Radoor,Socialdemokratiet,Sydjyllands Storkreds,ukendt,
Maria Sofie Petersen,Enhedslisten - De Rød-Grønne,Københavns Storkreds,nej,
Maria Sørensen,Enhedslisten - De Rød-Grønne,Østjyllands Storkreds,nej,
Maria Temponeras,Enhedslisten - De Rød-Grønne,Østjyllands Storkreds,nej,
Mariane Lunden,Alternativet,Nordsjællands Storkreds,nej,
Marianne Bigum,SF - Socialistisk Folkeparti,Nordsjællands Storkreds,ja,https://www.tiktok.com/@mariannebigum
Marianne Karlsmose,Det Konservative Folkeparti,Vestjyllands Storkreds,nej,
Marianne Lynghøj,Venstre,Nordsjællands Storkreds,ukendt,
Marianne Mortensen,Radikale Venstre,Københavns Storkreds,ukendt,
Marie Bjerre,Venstre,Nordjyllands Storkreds,nej,
Marie Brixtofte,Venstre,Københavns Omegns Storkreds,ukendt,
Marie Wandel,Radikale Venstre,Nordjyllands Storkreds,ukendt,
Mark Hellerup,Liberal Alliance,Nordjyllands Storkreds,ukendt,
Marlene Ambo-Rasmussen,Venstre,Fyns Storkreds,ja,https://www.tiktok.com/@marleneambo
Marlene Harpsøe,Danmarksdemokraterne - Inger Støjberg,Nordsjællands Storkreds,ukendt,
Martin Graff Jørgensen,SF - Socialistisk Folkeparti,Sjællands Storkreds,ukendt,
Martin Kjærulff,Alternativet,Fyns Storkreds,ukendt,
Martin Laursen,Enhedslisten - De Rød-Grønne,Østjyllands Storkreds,nej,
Martin Lidegaard,Radikale Venstre,Nordsjællands Storkreds,ja,https://www.tiktok.com/@martin.lidegaard
Martin Lissner,Liberal Alliance,Fyns Storkreds,ukendt,
Martin Mickey Pedersen,Liberal Alliance,Sjællands Storkreds,nej,
Martin Nordstjerne,Borgernes Parti - Lars Boje Mathiesen,Nordsjællands Storkreds,ukendt,
Martin Rahn Johansen,Danmarksdemokraterne - Inger Støjberg,Sjællands Storkreds,ja,https://www.tiktok.com/@martinrahnjohansendd
Martin Sanderhoff,Moderaterne,Vestjyllands Storkreds,ukendt,
Martin Sibast,Danmarksdemokraterne - Inger Støjberg,Københavns Storkreds,ukendt,
Mathias D. Christiansen,Enhedslisten - De Rød-Grønne,Sydjyllands Storkreds,ukendt,
Mathias Fuglsang,Borgernes Parti - Lars Boje Mathiesen,Københavns Omegns Storkreds,ukendt,
Mathias Sikora,Radikale Venstre,Østjyllands Storkreds,ja,https://www.tiktok.com/@mathiassikora
Mathias Thybo,Socialdemokratiet,Østjyllands Storkreds,ukendt,
Mathilde Hjort Bressum,Venstre,Østjyllands Storkreds,ukendt,
Mathilde Vinther,Enhedslisten - De Rød-Grønne,Københavns Storkreds,ja,https://www.tiktok.com/@mathildee.vintherr
Matilde Powers,Socialdemokratiet,Nordsjællands Storkreds,ukendt,
Matilde Skov-Hansen,Alternativet,Fyns Storkreds,ukendt,
Mattias Tesfaye,Socialdemokratiet,Københavns Omegns Storkreds,nej,
Melina Andersen,SF - Socialistisk Folkeparti,Nordjyllands Storkreds,ukendt,
Mercedes Czank,Dansk Folkeparti,Østjyllands Storkreds,ukendt,
Merete Dea Larsen,Dansk Folkeparti,Københavns Storkreds,nej,
Merete Riisager,Liberal Alliance,Københavns Storkreds,ukendt,
Mette Abildgaard,Det Konservative Folkeparti,Nordsjællands Storkreds,nej,
Mette Bloch Hansen,Enhedslisten - De Rød-Grønne,Københavns Storkreds,nej,
Mette Bram,Alternativet,Københavns Storkreds,ukendt,
Mette Frederiksen,Socialdemokratiet,Nordjyllands Storkreds,ja,https://www.tiktok.com/@mette_insider_official
Mette Friis,Alternativet,Sjællands Storkreds,nej,
Mette Hvid Brockmann,Radikale Venstre,Sjællands Storkreds,ukendt,
Mette Reissmann,Socialdemokratiet,Københavns Storkreds,ja,https://www.tiktok.com/@mette.reissmann
Mette Skaarup,Enhedslisten - De Rød-Grønne,Fyns Storkreds,ukendt,
Mette Thiesen,Dansk Folkeparti,Nordsjællands Storkreds,nej,
Mia Linda Møller,Moderaterne,Sjællands Storkreds,ukendt,
Mia Tang,Det Konservative Folkeparti,Københavns Storkreds,ja,https://www.tiktok.com/@miatang.dk
Michael Bang Pedersen,Borgernes Parti - Lars Boje Mathiesen,Østjyllands Storkreds,nej,
Michael Faust Horsbøl,Det Konservative Folkeparti,Østjyllands Storkreds,ukendt,
Michael Graakjær,SF - Socialistisk Folkeparti,Sjællands Storkreds,ukendt,
Michael Grove,Det Konservative Folkeparti,Vestjyllands Storkreds,nej,
Michael Hendriksen,Danmarksdemokraterne - Inger Støjberg,Bornholms Storkreds,ukendt,
Michael Jensen,Dansk Folkeparti,Københavns Omegns Storkreds,nej,
Michael Klausen,Liberal Alliance,Østjyllands Storkreds,ukendt,
Michael Melchert,Liberal Alliance,Københavns Omegns Storkreds,ukendt,
Michael Nedersøe,Dansk Folkeparti,Østjyllands Storkreds,ukendt,
Michael Nielsen,Moderaterne,Vestjyllands Storkreds,nej,
Michael Pihl,Dansk Folkeparti,Sjællands Storkreds,nej,
Michael Portefee P. Lex,Radikale Venstre,Nordjyllands Storkreds,nej,
Michael Rask,Liberal Alliance,Sjællands Storkreds,ja,https://www.tiktok.com/@michael.raskliber
Michael Rosenmark,Danmarksdemokraterne - Inger Støjberg,Sjællands Storkreds,ukendt,
Michael Schjelde,Venstre,Sjællands Storkreds,ukendt,
Michael Valbjørn,Liberal Alliance,Vestjyllands Storkreds,ja,https://www.tiktok.com/@michael.valbjrn
Michelle Sundahl,Dansk Folkeparti,Vestjyllands Storkreds,ukendt,
Mikael Hertig,Alternativet,Sydjyllands Storkreds,ukendt,
Mikael Winther,Alternativet,Sydjyllands Storkreds,ja,https://www.tiktok.com/@mikael_winther
Mikael Würtz,Dansk Folkeparti,Vestjyllands Storkreds,ukendt,
Mikkel Bahl,Alternativet,Københavns Storkreds,ukendt,
Mikkel Bisgaard,Venstre,Nordjyllands Storkreds,nej,
Mikkel Bjørn,Dansk Folkeparti,Københavns Omegns Storkreds,ja,https://www.tiktok.com/@mikkelbjorn
Mikkel Dencker,Dansk Folkeparti,Københavns Omegns Storkreds,ukendt,
Mikkel Hartwich,Dansk Folkeparti,Nordsjællands Storkreds,ukendt,
Mikkel Sammy Christensen,SF - Socialistisk Folkeparti,Københavns Storkreds,ja,https://www.tiktok.com/@mikkel4prez
Mikkel Senna Odoom,Radikale Venstre,Københavns Storkreds,ukendt,
Mikkel Westh Jepsen,Radikale Venstre,Nordsjællands Storkreds,ja,https://www.tiktok.com/@mikkelwj2
Milo Gaarde,SF - Socialistisk Folkeparti,Sydjyllands Storkreds,ja,https://www.tiktok.com/@milo_gaarde
Mogens Haugaard,Moderaterne,Sjællands Storkreds,ukendt,
Mogens Jensen,Socialdemokratiet,Vestjyllands Storkreds,ukendt,
Mohammad Rona,Moderaterne,Nordjyllands Storkreds,ja,https://www.tiktok.com/@mohammad_rona
Mona Juul,Det Konservative Folkeparti,Østjyllands Storkreds,nej,
Monika Rubin,Moderaterne,Københavns Omegns Storkreds,nej,
Morten Arvidsson,Moderaterne,Nordjyllands Storkreds,ukendt,
Morten Bering,SF - Socialistisk Folkeparti,Københavns Storkreds,ukendt,
Morten Bo Bertelsen,SF - Socialistisk Folkeparti,Nordjyllands Storkreds,ukendt,
Morten Bødskov,Socialdemokratiet,Københavns Omegns Storkreds,ukendt,
Morten Dahlin,Venstre,Sjællands Storkreds,ja,https://www.tiktok.com/@morten.dahlin
Morten Dehn,Borgernes Parti - Lars Boje Mathiesen,Københavns Omegns Storkreds,ukendt,
Morten E.G. Brautsch,Moderaterne,Vestjyllands Storkreds,ukendt,
Morten Hell,Moderaterne,Sydjyllands Storkreds,ja,https://www.tiktok.com/@morten.hell.moder
Morten Hvidberg Greve,Alternativet,Nordsjællands Storkreds,ukendt,
Morten Høgh,Venstre,Vestjyllands Storkreds,ja,https://www.tiktok.com/@mortenhogh_venstre
Morten Messerschmidt,Dansk Folkeparti,Sjællands Storkreds,ja,https://www.tiktok.com/@mrmesserschmidt
Morten Riis,Enhedslisten - De Rød-Grønne,Bornholms Storkreds,ukendt,
Morten Ryom,Socialdemokratiet,Nordjyllands Storkreds,ja,https://www.tiktok.com/@ry0m18
Morten Siig Henriksen,SF - Socialistisk Folkeparti,Østjyllands Storkreds,ukendt,
Morten Sørensen,Det Konservative Folkeparti,Østjyllands Storkreds,ja,https://www.tiktok.com/@morten.srensen16
Morten Trillingsgaard Høybye,Det Konservative Folkeparti,Sydjyllands Storkreds,ukendt,
Morten Vehl Revsbeck,Danmarksdemokraterne - Inger Støjberg,Vestjyllands Storkreds,ukendt,
Nadja Natalie Isaksen,Borgernes Parti - Lars Boje Mathiesen,Sydjyllands Storkreds,ja,https://www.tiktok.com/@nadjaisaksen
Nana Harring,Dansk Folkeparti,Østjyllands Storkreds,ukendt,
Nana Løcke Buttenschøn,Alternativet,Københavns Omegns Storkreds,ukendt,
Nanna Bonde,SF - Socialistisk Folkeparti,Københavns Storkreds,ukendt,
Nanna Høyrup,Alternativet,Nordsjællands Storkreds,ukendt,
Nanna W. Gotfredsen,Moderaterne,Københavns Storkreds,ukendt,
Natascha Remvig,Venstre,Københavns Storkreds,ukendt,
Natasja Bruun Knudsen,Det Konservative Folkeparti,Fyns Storkreds,ukendt,
Nicholas Wentworth,Radikale Venstre,Sydjyllands Storkreds,ja,https://www.tiktok.com/@nicholas.wentworth
Nick Zimmermann,Dansk Folkeparti,Østjyllands Storkreds,ja,https://www.tiktok.com/@nick.zimmermann.df
Nicklas Stampe Raabjerg,Alternativet,Vestjyllands Storkreds,ukendt,
Nicklas Verne,Det Konservative Folkeparti,Vestjyllands Storkreds,ja,https://www.tiktok.com/@nicklasverne
Nicolai Sandager,Liberal Alliance,Sjællands Storkreds,ja,https://www.tiktok.com/@sandagern
Nicolai Wammen,Socialdemokratiet,Østjyllands Storkreds,ukendt,
Niels Bolding,Dansk Folkeparti,Fyns Storkreds,ukendt,
Niels Christensen,Borgernes Parti - Lars Boje Mathiesen,Nordjyllands Storkreds,ukendt,
Niels H. Bünemann,Venstre,Nordjyllands Storkreds,ukendt,
Niels Haxthausen,SF - Socialistisk Folkeparti,Københavns Omegns Storkreds,ukendt,
Niels Henning Bladt,Venstre,Sydjyllands Storkreds,ukendt,
Niels Kristian Larsen,SF - Socialistisk Folkeparti,Vestjyllands Storkreds,ukendt,
Niels Peder Ravn,Det Konservative Folkeparti,Københavns Storkreds,ja,https://www.tiktok.com/@nielspederravn
Niels Povlsgaard,Liberal Alliance,Østjyllands Storkreds,ukendt,
Niklas Stenbye,Venstre,Bornholms Storkreds,ukendt,
Nikolai Eskild Jensen,Alternativet,Københavns Storkreds,ukendt,
Nikolaj Brink Olsen,Liberal Alliance,Sjællands Storkreds,nej,
Nikolaj Bøgh,Det Konservative Folkeparti,Københavns Storkreds,ukendt,
Nikolaj C. Andersen,Moderaterne,Nordjyllands Storkreds,nej,
Nikolaj Leed Henriksen,Venstre,Fyns Storkreds,ukendt,
Nikolaj Vang,Danmarksdemokraterne - Inger Støjberg,Fyns Storkreds,ukendt,
Nikoline Erbs Hillers-Bendtsen,Alternativet,Østjyllands Storkreds,ja,https://www.tiktok.com/@nikolineerbs
Nils Brøgger,SF - Socialistisk Folkeparti,Vestjyllands Storkreds,ukendt,
Nils Sjøberg,Radikale Venstre,Sydjyllands Storkreds,nej,
Noah Sturis,Alternativet,Københavns Storkreds,ja,https://www.tiktok.com/@unfuckthesystem
Nynne Printz,SF - Socialistisk Folkeparti,Fyns Storkreds,ukendt,
Ole Birk Olesen,Liberal Alliance,Københavns Storkreds,ja,https://www.tiktok.com/@olebirkolesen
Ole Dupont Kofod,Alternativet,Fyns Storkreds,ukendt,
Ole Lynggaard Jørgensen,Radikale Venstre,Sydjyllands Storkreds,ukendt,
Patrick Bryhl,Danmarksdemokraterne - Inger Støjberg,Sydjyllands Storkreds,ukendt,
Patrizia Venturelli Christensen,Liberal Alliance,Københavns Omegns Storkreds,ukendt,
Paulina Laparil,Borgernes Parti - Lars Boje Mathiesen,Nordjyllands Storkreds,ukendt,
Paw Hedegaard Amdisen,SF - Socialistisk Folkeparti,Østjyllands Storkreds,ukendt,
Paw Karslund,Dansk Folkeparti,Københavns Storkreds,ukendt,
Peder Hvelplund,Enhedslisten - De Rød-Grønne,Nordjyllands Storkreds,nej,
Peder Key Kristiansen,Socialdemokratiet,Nordjyllands Storkreds,ukendt,
Peder Larsen,SF - Socialistisk Folkeparti,Nordjyllands Storkreds,ukendt,
Pelle Dragsted,Enhedslisten - De Rød-Grønne,Københavns Storkreds,ja,https://www.tiktok.com/@pelledragsted
Per Husted,Socialdemokratiet,Nordjyllands Storkreds,ukendt,
Per Kamp Stefansen,Socialdemokratiet,Vestjyllands Storkreds,ukendt,
Per Knudsen,Dansk Folkeparti,Sydjyllands Storkreds,ukendt,
Per Larsen,Det Konservative Folkeparti,Nordjyllands Storkreds,nej,
Per Nørgaard Andersen,Liberal Alliance,Københavns Storkreds,ukendt,
Pernille Birch,Det Konservative Folkeparti,Københavns Storkreds,ukendt,
Pernille Christensen,Moderaterne,Nordsjællands Storkreds,nej,
Pernille Skærsø,Alternativet,Østjyllands Storkreds,ukendt,
Pernille Vermund,Liberal Alliance,Sjællands Storkreds,nej,
Peter Bilgrav,Alternativet,Vestjyllands Storkreds,ukendt,
Peter Faber,Borgernes Parti - Lars Boje Mathiesen,Nordsjællands Storkreds,ukendt,
Peter Have,Moderaterne,Østjyllands Storkreds,ukendt,
Peter Hummelgaard,Socialdemokratiet,Københavns Storkreds,ja,https://www.tiktok.com/@peter_hummelgaard
Peter Juel-Jensen,Venstre,Bornholms Storkreds,nej,
Peter Kempf Pedersen,Socialdemokratiet,Vestjyllands Storkreds,nej,
Peter Kofod,Dansk Folkeparti,Sydjyllands Storkreds,nej,
Peter Larsen,Liberal Alliance,Nordjyllands Storkreds,nej,
Peter Martin Jakobsen,Alternativet,Københavns Storkreds,ukendt,
Peter Roswall,Enhedslisten - De Rød-Grønne,Sjællands Storkreds,ukendt,
Peter Samir,Alternativet,Københavns Omegns Storkreds,nej,
Peter Skaarup,Danmarksdemokraterne - Inger Støjberg,Sjællands Storkreds,ja,https://www.tiktok.com/@peterskaarup4real
Peter Sporleder,Det Konservative Folkeparti,Østjyllands Storkreds,ukendt,
Peter Svarre Fridolf,Det Konservative Folkeparti,Bornholms Storkreds,ukendt,
Peter Vestergaard,Radikale Venstre,Vestjyllands Storkreds,nej,
Philip Solberg,Liberal Alliance,Nordsjællands Storkreds,ukendt,
Philip Vivet,Radikale Venstre,Vestjyllands Storkreds,ukendt,
Phillip Kjær Luscombe,Venstre,Sydjyllands Storkreds,ukendt,
Phillip Sperling,Venstre,Nordjyllands Storkreds,ja,https://www.tiktok.com/@phillipsperling1
Pia Adelsteen,Dansk Folkeparti,Nordsjællands Storkreds,nej,
Pia Elberg,Radikale Venstre,Nordjyllands Storkreds,ukendt,
Pia Halkjær,Socialdemokratiet,Østjyllands Storkreds,ukendt,
Pia Offer Madsen,Liberal Alliance,Fyns Storkreds,ukendt,
Pia Olsen Dyhr,SF - Socialistisk Folkeparti,Sjællands Storkreds,nej,
Pil Christensen,Enhedslisten - De Rød-Grønne,Københavns Storkreds,ja,https://www.tiktok.com/@pil_christensen
Pil Yildiz,Enhedslisten - De Rød-Grønne,Københavns Storkreds,ukendt,
Preben Bang Henriksen,Venstre,Nordjyllands Storkreds,ukendt,
Preben Friis-Hauge,Venstre,Sydjyllands Storkreds,ukendt,
Qasam Nazir Ahmad,Alternativet,Københavns Storkreds,ja,https://www.tiktok.com/@qasam_nazir_ahmad
Rabih Azad-Ahmad,Radikale Venstre,Østjyllands Storkreds,ja,https://www.tiktok.com/@rabihazadahmad
Ragnar Dixen,Liberal Alliance,Vestjyllands Storkreds,ukendt,
Ralf Høgedal,Venstre,Vestjyllands Storkreds,ukendt,
Rashid Ali,Uden for partierne,Københavns Storkreds,ja,https://www.tiktok.com/@razfreedom
Rasmus Bjergegaard,Det Konservative Folkeparti,Københavns Storkreds,ukendt,
Rasmus Elkjær Larsen,Det Konservative Folkeparti,Sydjyllands Storkreds,ukendt,
Rasmus Harning,Alternativet,Nordsjællands Storkreds,ukendt,
Rasmus Horn Langhoff,Socialdemokratiet,Sjællands Storkreds,ukendt,
Rasmus Hylleberg,Venstre,Sjællands Storkreds,ukendt,
Rasmus Lund-Nielsen,Moderaterne,Nordsjællands Storkreds,ja,https://www.tiktok.com/@rasmuslundnielsen_
Rasmus Paludan,Uden for partierne,Københavns Storkreds,nej,
Rasmus Petersen,Enhedslisten - De Rød-Grønne,Nordsjællands Storkreds,nej,
Rasmus Sandvej,Det Konservative Folkeparti,Sydjyllands Storkreds,ukendt,
Rasmus Stoklund,Socialdemokratiet,Nordsjællands Storkreds,ukendt,
Rasmus T. Mortensen,SF - Socialistisk Folkeparti,Østjyllands Storkreds,ukendt,
"Rasmus Vestergaard Madsen 7,",Enhedslisten - De Rød-Grønne,Sydjyllands Storkreds,ja,https://www.tiktok.com/@rasmusvestergaardmadsen
Reinout Bosch,Enhedslisten - De Rød-Grønne,Københavns Storkreds,ukendt,
René Flou,Det Konservative Folkeparti,Nordjyllands Storkreds,ukendt,
Reza Javid,Enhedslisten - De Rød-Grønne,Fyns Storkreds,ja,https://www.tiktok.com/@reza_javid
Ricki Vejsmose,Venstre,Københavns Omegns Storkreds,ukendt,
Rikke Christensen,Radikale Venstre,Østjyllands Storkreds,nej,
Rikke Hansen,Borgernes Parti - Lars Boje Mathiesen,Københavns Storkreds,nej,
Rikke Olssen,Liberal Alliance,Nordjyllands Storkreds,ja,https://www.tiktok.com/@rikkeolssen
Robert Mørck,Liberal Alliance,Nordsjællands Storkreds,ukendt,
Roger Courage Matthisen,Alternativet,Københavns Storkreds,ja,https://www.tiktok.com/@Rogercourage2026
Romeo Troelsgaard,Dansk Folkeparti,Fyns Storkreds,ja,https://www.tiktok.com/@romeotroelsgaard
Rosa Eriksen,Moderaterne,Fyns Storkreds,ukendt,
Rosa Lund,Enhedslisten - De Rød-Grønne,Københavns Storkreds,ja,https://www.tiktok.com/@denrigtigerosalund
Ruben Kidde,Radikale Venstre,Københavns Omegns Storkreds,ja,https://www.tiktok.com/@radikaleruben
Runa Friis Hansen,Enhedslisten - De Rød-Grønne,Nordjyllands Storkreds,ja,https://www.tiktok.com/@runa.friis.hansen
Rune Bønnelykke,Dansk Folkeparti,Sydjyllands Storkreds,ja,https://www.tiktok.com/@runebonnelykke
Rune Christiansen,Radikale Venstre,Østjyllands Storkreds,ukendt,
Rune Højer,Dansk Folkeparti,Sydjyllands Storkreds,ukendt,
Rune Kristensen,Det Konservative Folkeparti,Sjællands Storkreds,nej,
Rune Mikkelsen,Danmarksdemokraterne - Inger Støjberg,Østjyllands Storkreds,ukendt,
Rune Palm,SF - Socialistisk Folkeparti,Københavns Storkreds,ukendt,
Sadek Al-Amood,SF - Socialistisk Folkeparti,Københavns Storkreds,ja,https://www.tiktok.com/@sadekalamood
Salik Anders Rosing,Alternativet,Nordsjællands Storkreds,ukendt,
Samira Nawa,Radikale Venstre,Københavns Storkreds,ja,https://www.tiktok.com/@samira.nawa
Sandra Skalvig,Liberal Alliance,Sjællands Storkreds,ukendt,
Sanne Pilgaard,Borgernes Parti - Lars Boje Mathiesen,Sjællands Storkreds,ukendt,
Sara Emil Baaring,Socialdemokratiet,Fyns Storkreds,ja,https://www.tiktok.com/@saraemilbaaring
Sara Pernille Jespersen,Moderaterne,Østjyllands Storkreds,ukendt,
Sara Tvilling,Liberal Alliance,Nordjyllands Storkreds,ja,https://www.tiktok.com/@saratvillingla
Sarah Nørris,Enhedslisten - De Rød-Grønne,Sydjyllands Storkreds,nej,
Sascha Faxe,Alternativet,Sjællands Storkreds,ja,https://www.tiktok.com/@saschafaxe1
Sasja Elkjær Krogsdal,Alternativet,Østjyllands Storkreds,ukendt,
Sebastian Bloch Jensen,SF - Socialistisk Folkeparti,Bornholms Storkreds,ukendt,
Sebastian Mylsted,Danmarksdemokraterne - Inger Støjberg,Københavns Omegns Storkreds,ukendt,
Sebastian Støckler,Venstre,Østjyllands Storkreds,ukendt,
"Selma Bolø 3,",Enhedslisten - De Rød-Grønne,Sydjyllands Storkreds,ukendt,
Siff Tang Lassen,Det Konservative Folkeparti,Vestjyllands Storkreds,ukendt,
Signe Munk,SF - Socialistisk Folkeparti,Vestjyllands Storkreds,nej,
Signe Sofie Larsen,Alternativet,Vestjyllands Storkreds,nej,
Signe Wenneberg,Alternativet,Københavns Omegns Storkreds,ukendt,
Sigurd Agersnap,SF - Socialistisk Folkeparti,Københavns Omegns Storkreds,ukendt,
Sigurd Hebo Lønholdt,Det Konservative Folkeparti,Københavns Omegns Storkreds,ukendt,
Silas Ipsen,Det Konservative Folkeparti,Sjællands Storkreds,nej,
Simon Bech Munch-Petersen,Radikale Venstre,Bornholms Storkreds,ukendt,
Simon Hampe,Dansk Folkeparti,Sjællands Storkreds,ukendt,
Simon Højer,Det Konservative Folkeparti,Vestjyllands Storkreds,ukendt,
Simon Kollerup,Socialdemokratiet,Nordjyllands Storkreds,ja,https://www.tiktok.com/@politikkersimonkollerup
Simon Meyer Off,SF - Socialistisk Folkeparti,Fyns Storkreds,ja,https://www.tiktok.com/@simonmeyeroff
Simon Rigét,Alternativet,Nordsjællands Storkreds,nej,
Sinem Dybvad Demir,Enhedslisten - De Rød-Grønne,Nordsjællands Storkreds,ja,https://www.tiktok.com/@sinemdybvaddemirehl
Sofie Christiansen,SF - Socialistisk Folkeparti,Bornholms Storkreds,nej,
Sofie F. Villadsen,SF - Socialistisk Folkeparti,Københavns Omegns Storkreds,ja,https://www.tiktok.com/@sofie_f_villadsen
Sofie Faureholm Lundsberg,Alternativet,Nordsjællands Storkreds,ukendt,
Sofie Holm,Radikale Venstre,Sjællands Storkreds,ja,https://www.tiktok.com/@sofiewlholm
Sofie Lippert,SF - Socialistisk Folkeparti,Østjyllands Storkreds,ja,https://www.tiktok.com/@sofielippert
Sofie Mosgaard,Venstre,Fyns Storkreds,ja,https://www.tiktok.com/@sofiemosgaard
Sofie Therese Svendsen,Det Konservative Folkeparti,Nordjyllands Storkreds,ukendt,
Sofie Valbjørn,Alternativet,Bornholms Storkreds,ukendt,
Sofie de Bretteville,Socialdemokratiet,Københavns Omegns Storkreds,ukendt,
Sofus Teislev,SF - Socialistisk Folkeparti,Sydjyllands Storkreds,ukendt,
Sophie Hæstorp Andersen,Socialdemokratiet,Københavns Storkreds,ukendt,
Sophie Løhde,Venstre,Nordsjællands Storkreds,nej,
Steen Asgeir Petersen,Radikale Venstre,Nordjyllands Storkreds,ukendt,
Steen Tofteng,Liberal Alliance,Nordsjællands Storkreds,ukendt,
Steffen Friis,Liberal Alliance,Sjællands Storkreds,ja,https://www.tiktok.com/@steffen.friis
Steffen Hedegaard Attermann Brinch,Alternativet,Østjyllands Storkreds,ukendt,
Steffen Holme Helledie,Radikale Venstre,Nordjyllands Storkreds,ukendt,
Steffen Larsen,Liberal Alliance,Sydjyllands Storkreds,ja,https://www.tiktok.com/@liberalbulldozer
Steffen Sjørslev,Liberal Alliance,Nordsjællands Storkreds,ukendt,
Steffen Tolstrup,Alternativet,Vestjyllands Storkreds,ukendt,
Steffen Troldtoft,Liberal Alliance,Vestjyllands Storkreds,ukendt,
Steffen W. Frølund,Liberal Alliance,Nordsjællands Storkreds,ja,https://www.tiktok.com/@steffenfrolund
Sten Larsen,Moderaterne,Østjyllands Storkreds,nej,
Sten Schmidl Søbjærg,Liberal Alliance,Nordsjællands Storkreds,ukendt,
Stephanie Lose,Venstre,Sydjyllands Storkreds,ukendt,
Stig Ekman,Socialdemokratiet,Københavns Storkreds,ukendt,
Stina Egedius Miller,SF - Socialistisk Folkeparti,Nordsjællands Storkreds,ukendt,
Stine Larsen,Alternativet,Fyns Storkreds,nej,
"Stine Ry Andersen 8,",Enhedslisten - De Rød-Grønne,Vestjyllands Storkreds,ja,https://www.tiktok.com/@stine.andersen_dk
Stine Thier-Andersen,Det Konservative Folkeparti,Nordjyllands Storkreds,ja,https://www.tiktok.com/@stinethierandersen
Stine Øllegaard,Enhedslisten - De Rød-Grønne,Fyns Storkreds,nej,
Stinus Lindgreen,Radikale Venstre,Københavns Omegns Storkreds,nej,
Sune Nørgaard Jakobsen,Dansk Folkeparti,Sydjyllands Storkreds,ukendt,
Sune Rastad Bahn,Enhedslisten - De Rød-Grønne,Københavns Omegns Storkreds,ukendt,
Susan H. Møller,Liberal Alliance,Sjællands Storkreds,ukendt,
Susan Kronborg,Moderaterne,Østjyllands Storkreds,ukendt,
Susanne Blegvad Posselt,SF - Socialistisk Folkeparti,Sydjyllands Storkreds,nej,
Susanne Damsgaard,Danmarksdemokraterne - Inger Støjberg,Københavns Omegns Storkreds,ja,https://www.tiktok.com/@susannedamsgaarddd
Susanne Krebs,Radikale Venstre,Nordjyllands Storkreds,ukendt,
Susie Jessen,Danmarksdemokraterne - Inger Støjberg,Sjællands Storkreds,ukendt,
Suzette Frovin,SF - Socialistisk Folkeparti,Fyns Storkreds,ukendt,
Svend Stein Olsen,Liberal Alliance,Vestjyllands Storkreds,ja,https://www.tiktok.com/@svends047
Sólbjørg Jakobsen,Liberal Alliance,Nordjyllands Storkreds,ja,https://www.tiktok.com/@solbjorgjacobsen
Søren Boel Olesen,Dansk Folkeparti,Vestjyllands Storkreds,nej,
Søren Gade,Venstre,Vestjyllands Storkreds,nej,
Søren Homann,Det Konservative Folkeparti,Nordjyllands Storkreds,ja,https://www.tiktok.com/@sorenhomann
Søren Jensen,Liberal Alliance,Østjyllands Storkreds,ja,https://www.tiktok.com/@sorenjensenla
Søren Lahn Sloth,SF - Socialistisk Folkeparti,Østjyllands Storkreds,ukendt,
Søren Lund Hansen,Dansk Folkeparti,Sjællands Storkreds,ukendt,
Søren Rye,Socialdemokratiet,Nordsjællands Storkreds,ukendt,
Søren Skjold Andersen,Uden for partierne,Østjyllands Storkreds,ukendt,
Søren T. Fugleberg,Borgernes Parti - Lars Boje Mathiesen,Københavns Omegns Storkreds,ukendt,
Søren Vanting,Moderaterne,Østjyllands Storkreds,ja,https://www.tiktok.com/@sorenvanting
Taner Genc,SF - Socialistisk Folkeparti,Københavns Omegns Storkreds,ukendt,
Tanja Glückstadt,Dansk Folkeparti,Sjællands Storkreds,ukendt,
Tanja Larsson,Socialdemokratiet,Sjællands Storkreds,ukendt,
Tenna Duch Schaldemose,Alternativet,Østjyllands Storkreds,ukendt,
Tenna Røberg,Dansk Folkeparti,Københavns Omegns Storkreds,ukendt,
Theis Kylling Hommeltoft,Socialdemokratiet,Sydjyllands Storkreds,ukendt,
Theresa Berg Andersen,SF - Socialistisk Folkeparti,Nordjyllands Storkreds,ja,https://www.tiktok.com/@theresabergandersen
Theresa Scavenius,Uden for partierne,Københavns Storkreds,ukendt,
Thomas Andresen,Venstre,Sydjyllands Storkreds,ja,https://www.tiktok.com/@thomasandresen_venstre
Thomas Anker,Alternativet,Københavns Omegns Storkreds,ja,https://www.tiktok.com/@thomas_anker
Thomas Christiansen,Liberal Alliance,Nordjyllands Storkreds,nej,
Thomas Danielsen,Venstre,Vestjyllands Storkreds,ja,https://www.tiktok.com/@thomasdanielsendk
Thomas Due Nielsen,Alternativet,Østjyllands Storkreds,nej,
Thomas Estrup,Liberal Alliance,Fyns Storkreds,ukendt,
Thomas Heuniche,Liberal Alliance,Nordjyllands Storkreds,ukendt,
Thomas Hjort,Dansk Folkeparti,Nordjyllands Storkreds,nej,
Thomas Kjeldsen,SF - Socialistisk Folkeparti,Nordjyllands Storkreds,ukendt,
Thomas Klimek,Socialdemokratiet,Nordjyllands Storkreds,nej,
Thomas Lindqvist,Alternativet,Københavns Omegns Storkreds,ukendt,
Thomas Majgaard Byrsing,Danmarksdemokraterne - Inger Støjberg,Sydjyllands Storkreds,ja,https://www.tiktok.com/@thomasmajgaardbyr
Thomas Markmann,Radikale Venstre,Københavns Storkreds,ukendt,
Thomas Monberg,Socialdemokratiet,Østjyllands Storkreds,ukendt,
Thomas Quist Mortensen,Alternativet,Østjyllands Storkreds,nej,
Thomas Rohden,Radikale Venstre,Københavns Storkreds,ja,https://www.tiktok.com/@radikaleeeforrohden
Thomas Skovgaard,Moderaterne,Nordjyllands Storkreds,ja,https://www.tiktok.com/@thomasskovgaard44
Thomas Skriver Jensen,Socialdemokratiet,Fyns Storkreds,ja,https://www.tiktok.com/@thomas.skriver
Thor Clasen Jonasen,Alternativet,Østjyllands Storkreds,ukendt,
Thorbern Alexander Klingert,Venstre,Sjællands Storkreds,ukendt,
Thorbjørn Jacobsen,Liberal Alliance,Vestjyllands Storkreds,nej,
Tilde Holch Duedahl,Venstre,Sydjyllands Storkreds,ukendt,
Tim Larsen,Borgernes Parti - Lars Boje Mathiesen,Sjællands Storkreds,ukendt,
Tim Wodskou,Alternativet,Københavns Omegns Storkreds,ukendt,
Timm Bøttger,SF - Socialistisk Folkeparti,Sydjyllands Storkreds,ukendt,
Tina Cartey Hansen,Det Konservative Folkeparti,Københavns Omegns Storkreds,ja,https://www.tiktok.com/@tinacartey
Tina Kjær,Alternativet,Østjyllands Storkreds,ukendt,
Tina Mandrup,Venstre,Sjællands Storkreds,ukendt,
Tine Hessner,Radikale Venstre,Nordsjællands Storkreds,ukendt,
Tine Loft Thomsen,Alternativet,Nordsjællands Storkreds,ukendt,
Tobias Bennedsen,Det Konservative Folkeparti,Fyns Storkreds,ukendt,
Tobias Brus Mikkelsen,Dansk Folkeparti,Sydjyllands Storkreds,ja,https://www.tiktok.com/@tobias.b.mikkelsen
Tobias Jørgensen,Venstre,Sydjyllands Storkreds,ja,https://www.tiktok.com/@stem_tobiasjorgensen
Tobias Weische,Dansk Folkeparti,Fyns Storkreds,ja,https://www.tiktok.com/@tobiasweische
Tommi Christensen,Socialdemokratiet,Sydjyllands Storkreds,nej,
Tonny Vest,Liberal Alliance,Fyns Storkreds,ukendt,
Torben Guldbæk,Liberal Alliance,Københavns Storkreds,ukendt,
Torben Povlsen,Venstre,Fyns Storkreds,ukendt,
Torsten Gejl,Alternativet,Østjyllands Storkreds,ja,https://www.tiktok.com/@torsten.gejl
Torsten Ringgaard,Enhedslisten - De Rød-Grønne,Fyns Storkreds,ukendt,
Torsten Schack Pedersen,Venstre,Nordjyllands Storkreds,ukendt,
Torsten Wetche,Radikale Venstre,Nordjyllands Storkreds,ukendt,
Trine Birk Andersen,Socialdemokratiet,Sjællands Storkreds,nej,
Trine Bramsen,Socialdemokratiet,Fyns Storkreds,nej,
Trine Dybkjær,Radikale Venstre,Københavns Omegns Storkreds,ukendt,
Trine Jepsen,Venstre,Vestjyllands Storkreds,ukendt,
"Trine Mach 1,",Enhedslisten - De Rød-Grønne,Østjyllands Storkreds,ja,https://www.tiktok.com/@trine.mach
Troels Brandt,Radikale Venstre,Sjællands Storkreds,ukendt,
Troels Lund Poulsen,Venstre,Østjyllands Storkreds,nej,
Troels Overgaard,Venstre,Sydjyllands Storkreds,nej,
Troels Simonsen,Liberal Alliance,Sydjyllands Storkreds,ukendt,
Troels Stru Schmidt,SF - Socialistisk Folkeparti,Københavns Omegns Storkreds,ukendt,
Tue Villebro,Venstre,Nordsjællands Storkreds,ukendt,
Ulla Kokfelt,Dansk Folkeparti,Nordsjællands Storkreds,ukendt,
Ulrik Appel,Enhedslisten - De Rød-Grønne,Nordjyllands Storkreds,ukendt,
Ulrik Knudsen,Danmarksdemokraterne - Inger Støjberg,Sydjyllands Storkreds,ukendt,
Ulrik Lassen,Liberal Alliance,Sjællands Storkreds,nej,
Valdemar Alban,Socialdemokratiet,Sjællands Storkreds,ukendt,
Valentina Crast,Alternativet,Sjællands Storkreds,ukendt,
Vibeke Frost,Alternativet,Københavns Storkreds,ukendt,
Vibeke Syppli Enrum,Enhedslisten - De Rød-Grønne,Fyns Storkreds,ukendt,
Vibeke Westh,Socialdemokratiet,Københavns Omegns Storkreds,ukendt,
Victoria Helene Olsen,Det Konservative Folkeparti,Sjællands Storkreds,nej,
Victoria Velásquez,Enhedslisten - De Rød-Grønne,Fyns Storkreds,ja,https://www.tiktok.com/@victoria__velasquez
Viktor Thyregod Sivertsen,Det Konservative Folkeparti,Østjyllands Storkreds,ukendt,
Vilhelm Møller,Det Konservative Folkeparti,Sjællands Storkreds,ukendt,
Vinnie Borbjerg,Socialdemokratiet,Vestjyllands Storkreds,ukendt,
Vivi Altenburg,Danmarksdemokraterne - Inger Støjberg,Vestjyllands Storkreds,ukendt,
Vivi Nør Jacobsen,SF - Socialistisk Folkeparti,Københavns Omegns Storkreds,ukendt,
Vivian Lindberg Larsen,Danmarksdemokraterne - Inger Støjberg,Fyns Storkreds,nej,
Viviane Ellasofie Karlsen,Borgernes Parti - Lars Boje Mathiesen,Østjyllands Storkreds,ukendt,
Yildiz Akdogan,Socialdemokratiet,Københavns Storkreds,nej,
Yurdal Cicek,Alternativet,Sjællands Storkreds,ukendt,
Zandra Thulstrup Pihl,Dansk Folkeparti,Københavns Omegns Storkreds,ukendt,
Zenia Stampe,Radikale Venstre,Sjællands Storkreds,ja,https://www.tiktok.com/@zenia.stampe
Zeynep Bardakci,Venstre,Københavns Storkreds,ja,https://www.tiktok.com/@zeynepbardakci7
Zishan Ali,Moderaterne,Københavns Omegns Storkreds,ja,https://www.tiktok.com/@zishan.ali2101
Zohair Ali,Radikale Venstre,Københavns Omegns Storkreds,nej,
