candidate_name,party_name,storkreds,tiktok_handle,tiktok_url,handle_score,name_score,party_score,context_score,total_score,auto_status,review
"Carsten Bedsted","Radikale Venstre","Nordjyllands Storkreds","carstenbedsted","https://www.tiktok.com/@carstenbedsted","55","25","15","5","100","high_confidence","korrekt"
"Steffen Larsen","Liberal Alliance","Sydjyllands Storkreds","liberalbulldozer","https://www.tiktok.com/@liberalbulldozer","55","25","15","5","100","high_confidence","korrekt"
"Theresa Berg Andersen","SF - Socialistisk Folkeparti","Nordjyllands Storkreds","theresabergandersen","https://www.tiktok.com/@theresabergandersen","55","25","15","5","100","high_confidence","korrekt"
"Mads-Magnus Damm","Dansk Folkeparti","Sydjyllands Storkreds","madsmagnusdamm","https://www.tiktok.com/@madsmagnusdamm","55","25","15","5","100","high_confidence","korrekt"
"Pil Christensen","Enhedslisten - De Rød-Grønne","Københavns Storkreds","pil_christensen","https://www.tiktok.com/@pil_christensen","55","25","15","5","100","high_confidence","korrekt"
"Lene Burchardt","Det Konservative Folkeparti","Nordjyllands Storkreds","leneburchardt","https://www.tiktok.com/@leneburchardt","55","25","15","5","100","high_confidence","korrekt"
"Mads Strange","Liberal Alliance","Københavns Storkreds","madsstrange_","https://www.tiktok.com/@madsstrange_","55","25","15","5","100","high_confidence","korrekt"
"Thomas Anker","Alternativet","Københavns Omegns Storkreds","thomas_anker","https://www.tiktok.com/@thomas_anker","55","25","15","5","100","high_confidence","korrekt"
"Tobias Weische","Dansk Folkeparti","Fyns Storkreds","tobiasweische","https://www.tiktok.com/@tobiasweische","55","25","15","5","100","high_confidence","korrekt"
"Sadek Al-Amood","SF - Socialistisk Folkeparti","Københavns Storkreds","sadekalamood","https://www.tiktok.com/@sadekalamood","55","25","15","5","100","high_confidence","korrekt"
"Steffen Friis","Liberal Alliance","Sjællands Storkreds","steffen.friis","https://www.tiktok.com/@steffen.friis","55","25","15","5","100","high_confidence","korrekt"
"Frederik Lau Petersen","Moderaterne","Københavns Omegns Storkreds","frederik_lau_petersen","https://www.tiktok.com/@frederik_lau_petersen","55","25","15","5","100","high_confidence","korrekt"
"Leila Stockmarr","Enhedslisten - De Rød-Grønne","Københavns Storkreds","leila.stockmarr","https://www.tiktok.com/@leila.stockmarr","55","25","15","5","100","high_confidence","korrekt"
"Jan Kristoffersen","Alternativet","Københavns Storkreds","jankristoffersen","https://www.tiktok.com/@jankristoffersen","55","25","15","5","100","high_confidence","korrekt"
"Bjørn Brandenborg","Socialdemokratiet","Fyns Storkreds","bjornbrandenborg","https://www.tiktok.com/@bjornbrandenborg","53","25","15","5","98","high_confidence","korrekt"
"Steffen W. Frølund","Liberal Alliance","Nordsjællands Storkreds","steffenfrolund","https://www.tiktok.com/@steffenfrolund","53","25","15","5","98","high_confidence","korrekt"
"Michael Valbjørn","Liberal Alliance","Vestjyllands Storkreds","michael.valbjrn","https://www.tiktok.com/@michael.valbjrn","55","25","15","0","95","high_confidence","korrekt"
"Marianne Bigum","SF - Socialistisk Folkeparti","Nordsjællands Storkreds","mariannebigum","https://www.tiktok.com/@mariannebigum","55","25","15","0","95","high_confidence","korrekt"
"Andreas Raben","Moderaterne","Nordsjællands Storkreds","andreasraben","https://www.tiktok.com/@andreasraben","55","25","15","0","95","high_confidence","korrekt"
"Zenia Stampe","Radikale Venstre","Sjællands Storkreds","zenia.stampe","https://www.tiktok.com/@zenia.stampe","55","25","15","0","95","high_confidence","korrekt"
"Torsten Gejl","Alternativet","Østjyllands Storkreds","torsten.gejl","https://www.tiktok.com/@torsten.gejl","55","25","15","0","95","high_confidence","korrekt"
"Rasmus Vestergaard Madsen 7,","Enhedslisten - De Rød-Grønne","Sydjyllands Storkreds","rasmusvestergaardmadsen","https://www.tiktok.com/@rasmusvestergaardmadsen","55","25","15","0","95","high_confidence","korrekt"
"Pelle Dragsted","Enhedslisten - De Rød-Grønne","Københavns Storkreds","pelledragsted","https://www.tiktok.com/@pelledragsted","55","25","15","0","95","high_confidence","korrekt"
"Morten Dahlin","Venstre","Sjællands Storkreds","morten.dahlin","https://www.tiktok.com/@morten.dahlin","55","25","15","0","95","high_confidence","korrekt"
"Mads Olsen","SF - Socialistisk Folkeparti","Sjællands Storkreds","madsolsensf","https://www.tiktok.com/@madsolsensf","49","25","15","5","94","high_confidence","korrekt"
"Nick Zimmermann","Dansk Folkeparti","Østjyllands Storkreds","nick.zimmermann.df","https://www.tiktok.com/@nick.zimmermann.df","49","25","15","5","94","high_confidence","korrekt"
"Mette Reissmann","Socialdemokratiet","Københavns Storkreds","mette.reissmann","https://www.tiktok.com/@mette.reissmann","55","25","8","5","93","high_confidence","korrekt"
"Inger Støjberg","Danmarksdemokraterne - Inger Støjberg","Nordjyllands Storkreds","ingerstojberg","https://www.tiktok.com/@ingerstojberg","53","25","15","0","93","high_confidence","korrekt"
"Kim Andkjær Doberck","Dansk Folkeparti","Sydjyllands Storkreds","kimandkjaerdoberck","https://www.tiktok.com/@kimandkjaerdoberck","53","25","15","0","93","high_confidence","korrekt"
"Magnus Von Dreiager","Det Konservative Folkeparti","Københavns Omegns Storkreds","magnusvondreiager","https://www.tiktok.com/@magnusvondreiager","55","25","8","5","93","high_confidence","korrekt"
"Rikke Olssen","Liberal Alliance","Nordjyllands Storkreds","rikkeolssen","https://www.tiktok.com/@rikkeolssen","55","25","8","5","93","high_confidence","korrekt"
"Jeanne Bergmansen","SF - Socialistisk Folkeparti","Sjællands Storkreds","jeannebergmansensf","https://www.tiktok.com/@jeannebergmansensf","49","25","15","0","89","high_confidence","korrekt"
"Nadja Natalie Isaksen","Borgernes Parti - Lars Boje Mathiesen","Sydjyllands Storkreds","nadjaisaksen","https://www.tiktok.com/@nadjaisaksen","53","16","15","5","89","high_confidence","korrekt"
"Lukas Vestergaard","Liberal Alliance","Nordjyllands Storkreds","lukasvestergaard","https://www.tiktok.com/@lukasvestergaard","55","25","8","0","88","high_confidence","ingen_konto"
"Maria Georgi Sloth","Radikale Venstre","Københavns Storkreds","mariageorgisloth","https://www.tiktok.com/@mariageorgisloth","55","25","8","0","88","high_confidence","korrekt"
"Thomas Klimek","Socialdemokratiet","Nordjyllands Storkreds","thomasklimek","https://www.tiktok.com/@thomasklimek","55","25","8","0","88","high_confidence","ingen_konto"
"Trine Bramsen","Socialdemokratiet","Fyns Storkreds","trinebramsen","https://www.tiktok.com/@trinebramsen","55","25","8","0","88","high_confidence","ingen_konto"
"Sofie Holm","Radikale Venstre","Sjællands Storkreds","sofiewlholm","https://www.tiktok.com/@sofiewlholm","55","25","8","0","88","high_confidence","korrekt"
"Pernille Vermund","Liberal Alliance","Sjællands Storkreds","pernillevermund","https://www.tiktok.com/@pernillevermund","55","25","8","0","88","high_confidence","ingen_konto"
"Peter Hummelgaard","Socialdemokratiet","Københavns Storkreds","peter_hummelgaard","https://www.tiktok.com/@peter_hummelgaard","55","25","8","0","88","high_confidence","korrekt"
"Silas Ipsen","Det Konservative Folkeparti","Sjællands Storkreds","silasipsen","https://www.tiktok.com/@silasipsen","55","25","8","0","88","high_confidence","ingen_konto"
"Phillip Sperling","Venstre","Nordjyllands Storkreds","phillipsperling1","https://www.tiktok.com/@phillipsperling1","55","25","8","0","88","high_confidence","korrekt"
"Rabih Azad-Ahmad","Radikale Venstre","Østjyllands Storkreds","rabihazadahmad","https://www.tiktok.com/@rabihazadahmad","55","25","8","0","88","high_confidence","korrekt"
"Kim Valentin","Venstre","Københavns Omegns Storkreds","kimvalentindk","https://www.tiktok.com/@kimvalentindk","55","25","8","0","88","high_confidence","korrekt"
"Laura Holm","Det Konservative Folkeparti","Nordjyllands Storkreds","lauraholm02","https://www.tiktok.com/@lauraholm02","55","25","8","0","88","high_confidence","korrekt"
"Lea Wermelin","Socialdemokratiet","Bornholms Storkreds","lea.wermelin","https://www.tiktok.com/@lea.wermelin","55","25","8","0","88","high_confidence","korrekt"
"Lise Bertelsen","Det Konservative Folkeparti","Vestjyllands Storkreds","lisebertelsen2022","https://www.tiktok.com/@lisebertelsen2022","55","25","8","0","88","high_confidence","korrekt"
"Lise Jørgensen","Socialdemokratiet","Vestjyllands Storkreds","lisejrgensen","https://www.tiktok.com/@lisejrgensen","55","25","8","0","88","high_confidence","ingen_konto"
"Lone Hansen","Moderaterne","Sydjyllands Storkreds","lone.hansen0","https://www.tiktok.com/@lone.hansen0","55","25","8","0","88","high_confidence","korrekt"
"Louise Brown","Liberal Alliance","Østjyllands Storkreds","brownlouise","https://www.tiktok.com/@brownlouise","55","25","8","0","88","high_confidence","korrekt"
"Nicholas Wentworth","Radikale Venstre","Sydjyllands Storkreds","nicholas.wentworth","https://www.tiktok.com/@nicholas.wentworth","55","25","8","0","88","high_confidence","korrekt"
"John Hoppe","Det Konservative Folkeparti","Fyns Storkreds","john.hoppe1","https://www.tiktok.com/@john.hoppe1","55","25","8","0","88","high_confidence","korrekt"
"Alex Vanopslagh","Liberal Alliance","Østjyllands Storkreds","alexvanopslagh","https://www.tiktok.com/@alexvanopslagh","55","25","8","0","88","high_confidence","korrekt"
"Amanda Heitmann","Venstre","Fyns Storkreds","amandaheitmann","https://www.tiktok.com/@amandaheitmann","55","25","8","0","88","high_confidence","korrekt"
"Frederik Vad","Socialdemokratiet","Sjællands Storkreds","frederik.vad","https://www.tiktok.com/@frederik.vad","55","25","8","0","88","high_confidence","korrekt"
"Jacob Jensen","Venstre","Sjællands Storkreds",".jacobjensen","https://www.tiktok.com/@.jacobjensen","55","25","8","0","88","high_confidence","ingen_konto"
"Jane Christensen","Det Konservative Folkeparti","Sjællands Storkreds","janechristensen","https://www.tiktok.com/@janechristensen","55","25","8","0","88","high_confidence","ingen_konto"
"Jarl Feyling","Socialdemokratiet","Københavns Storkreds","jarlfeyling","https://www.tiktok.com/@jarlfeyling","55","25","8","0","88","high_confidence","korrekt"
"Ida Auken","Socialdemokratiet","Københavns Storkreds","idaauken","https://www.tiktok.com/@idaauken","55","25","8","0","88","high_confidence","korrekt"
"Ayhan Kilic","Moderaterne","Nordsjællands Storkreds","ayhankilic_moderaterne","https://www.tiktok.com/@ayhankilic_moderaterne","55","25","8","0","88","high_confidence","korrekt"
"Charlotte Green","Det Konservative Folkeparti","Østjyllands Storkreds","charlottegreen","https://www.tiktok.com/@charlottegreen","55","25","8","0","88","high_confidence","ingen_konto"
"Ellen Emilie","Moderaterne","Københavns Storkreds","ellenemilie_","https://www.tiktok.com/@ellenemilie_","55","25","8","0","88","high_confidence","korrekt"
"Anastasia Milthers","Radikale Venstre","Fyns Storkreds","anastasia_milthers","https://www.tiktok.com/@anastasia_milthers","55","25","8","0","88","high_confidence","korrekt"
"Emil M. D. Christensen","Venstre","Østjyllands Storkreds","emilchristensen","https://www.tiktok.com/@emilchristensen","55","25","8","0","88","high_confidence","ingen_konto"
"Ole Birk Olesen","Liberal Alliance","Københavns Storkreds","olebirkolesen","https://www.tiktok.com/@olebirkolesen","55","25","8","0","88","high_confidence","korrekt"
"Niels Peder Ravn","Det Konservative Folkeparti","Københavns Storkreds","nielspederravn","https://www.tiktok.com/@nielspederravn","55","25","8","0","88","high_confidence","korrekt"
"Nicklas Verne","Det Konservative Folkeparti","Vestjyllands Storkreds","nicklasverne","https://www.tiktok.com/@nicklasverne","55","25","8","0","88","high_confidence","korrekt"
"Louise Louring","Venstre","Østjyllands Storkreds","louise_louring","https://www.tiktok.com/@louise_louring","55","25","8","0","88","high_confidence","korrekt"
"Frederik Klakk","Liberal Alliance","Sydjyllands Storkreds","frederikklakk","https://www.tiktok.com/@frederikklakk","55","25","8","0","88","high_confidence","korrekt"
"Iben Krog","Venstre","Sjællands Storkreds","iben__krog","https://www.tiktok.com/@iben__krog","55","25","8","0","88","high_confidence","korrekt"
"Magnus Heunicke","Socialdemokratiet","Sjællands Storkreds","heunicke","https://www.tiktok.com/@heunicke","55","25","8","0","88","high_confidence","korrekt"
"Mia Tang","Det Konservative Folkeparti","Københavns Storkreds","miatang.dk","https://www.tiktok.com/@miatang.dk","55","25","8","0","88","high_confidence","korrekt"
"Michael Grove","Det Konservative Folkeparti","Vestjyllands Storkreds","michaelgrove","https://www.tiktok.com/@michaelgrove","55","25","8","0","88","high_confidence","ingen_konto"
"Morten Hell","Moderaterne","Sydjyllands Storkreds","morten.hell.moder","https://www.tiktok.com/@morten.hell.moder","55","25","8","0","88","high_confidence","korrekt"
"Mette Frederiksen","Socialdemokratiet","Nordjyllands Storkreds","mette_insider_official","https://www.tiktok.com/@mette_insider_official","55","25","8","0","88","high_confidence","korrekt"
"Søren Vanting","Moderaterne","Østjyllands Storkreds","sorenvanting","https://www.tiktok.com/@sorenvanting","53","25","8","0","86","high_confidence","korrekt"
"Nils Sjøberg","Radikale Venstre","Sydjyllands Storkreds","nilssjoberg","https://www.tiktok.com/@nilssjoberg","53","25","8","0","86","high_confidence","ingen_konto"
"Søren Homann","Det Konservative Folkeparti","Nordjyllands Storkreds","sorenhomann","https://www.tiktok.com/@sorenhomann","53","25","8","0","86","high_confidence","korrekt"
"Brian Køster","Radikale Venstre","Københavns Omegns Storkreds","briankoster","https://www.tiktok.com/@briankoster","53","25","8","0","86","high_confidence","korrekt"
"Samira Nawa","Radikale Venstre","Københavns Storkreds","samira.nawa","https://www.tiktok.com/@samira.nawa","55","25","0","5","85","high_confidence","korrekt"
"Susanne Blegvad Posselt","SF - Socialistisk Folkeparti","Sydjyllands Storkreds","susanneposselt","https://www.tiktok.com/@susanneposselt","53","16","15","0","84","high_confidence","ingen_konto"
"Rune Bønnelykke","Dansk Folkeparti","Sydjyllands Storkreds","runebonnelykke","https://www.tiktok.com/@runebonnelykke","53","25","0","5","83","high_confidence","korrekt"
"Filippa Emilie Vittrup","Enhedslisten - De Rød-Grønne","Nordjyllands Storkreds","filippavittrup","https://www.tiktok.com/@filippavittrup","53","25","0","5","83","high_confidence","korrekt"
"Sara Tvilling","Liberal Alliance","Nordjyllands Storkreds","saratvillingla","https://www.tiktok.com/@saratvillingla","49","25","8","0","82","high_confidence","korrekt"
"Milo Gaarde","SF - Socialistisk Folkeparti","Sydjyllands Storkreds","milo_gaarde","https://www.tiktok.com/@milo_gaarde","55","25","0","0","80","high_confidence","korrekt"
"Qasam Nazir Ahmad","Alternativet","Københavns Storkreds","qasam_nazir_ahmad","https://www.tiktok.com/@qasam_nazir_ahmad","55","25","0","0","80","high_confidence","korrekt"
"Peter Samir","Alternativet","Københavns Omegns Storkreds","petersamir","https://www.tiktok.com/@petersamir","55","25","0","0","80","high_confidence","ingen_konto"
"Anna Poulsen","SF - Socialistisk Folkeparti","Nordsjællands Storkreds","annapoulsen","https://www.tiktok.com/@annapoulsen","55","25","0","0","80","high_confidence","ingen_konto"
"Anders Vistisen","Dansk Folkeparti","Nordjyllands Storkreds","andersvistisen","https://www.tiktok.com/@andersvistisen","55","25","0","0","80","high_confidence","korrekt"
"Allan Feldt","Dansk Folkeparti","Københavns Storkreds","realallanfeldt","https://www.tiktok.com/@realallanfeldt","55","25","0","0","80","high_confidence","korrekt"
"Alexander Ryle","Liberal Alliance","Københavns Storkreds","alexanderryle","https://www.tiktok.com/@alexanderryle","55","25","0","0","80","high_confidence","korrekt"
"Carl Emil Lind","Socialdemokratiet","Sjællands Storkreds","carl.emil.lind.ch","https://www.tiktok.com/@carl.emil.lind.ch","35","25","15","5","80","high_confidence","korrekt"
"Carl Andersen","Liberal Alliance","Sydjyllands Storkreds","carlandersen27","https://www.tiktok.com/@carlandersen27","35","25","15","5","80","high_confidence","korrekt"
"Benjamin Christensen","SF - Socialistisk Folkeparti","Nordjyllands Storkreds","benjaminrfchristensen","https://www.tiktok.com/@benjaminrfchristensen","55","25","0","0","80","high_confidence","korrekt"
"Astrid Fogh","Alternativet","Sydjyllands Storkreds","astridfogh","https://www.tiktok.com/@astridfogh","55","25","0","0","80","high_confidence","ingen_konto"
"Charlotte Ellenberger","SF - Socialistisk Folkeparti","Fyns Storkreds","charlotteellenberger","https://www.tiktok.com/@charlotteellenberger","55","25","0","0","80","high_confidence","ingen_konto"
"Charlotte Lund","Enhedslisten - De Rød-Grønne","Københavns Storkreds","charlotte_.lund","https://www.tiktok.com/@charlotte_.lund","55","25","0","0","80","high_confidence","ingen_konto"
"Christian Kirk","Dansk Folkeparti","Sydjyllands Storkreds","christiankirk00","https://www.tiktok.com/@christiankirk00","55","25","0","0","80","high_confidence","korrekt"
"David Ibsen","Liberal Alliance","Københavns Omegns Storkreds","david_ibsen","https://www.tiktok.com/@david_ibsen","55","25","0","0","80","high_confidence","ingen_konto"
"Mikkel Bisgaard","Venstre","Nordjyllands Storkreds","mikkelbisgaard","https://www.tiktok.com/@mikkelbisgaard","55","25","0","0","80","high_confidence","ingen_konto"
"Mikael Winther","Alternativet","Sydjyllands Storkreds","mikael_winther","https://www.tiktok.com/@mikael_winther","55","25","0","0","80","high_confidence","korrekt"
"Mathilde Vinther","Enhedslisten - De Rød-Grønne","Københavns Storkreds","mathildee.vintherr","https://www.tiktok.com/@mathildee.vintherr","55","25","0","0","80","high_confidence","korrekt"
"Jesper Bierbaum","Venstre","Sydjyllands Storkreds","jesperbierbaumvenstre","https://www.tiktok.com/@jesperbierbaumvenstre","35","25","15","5","80","high_confidence","korrekt"
"Frederik Storm","Danmarksdemokraterne - Inger Støjberg","Nordjyllands Storkreds","frederikstorm","https://www.tiktok.com/@frederikstorm","55","25","0","0","80","high_confidence","ingen_konto"
"Jakob Jensen","Enhedslisten - De Rød-Grønne","Østjyllands Storkreds","jakob.jensen","https://www.tiktok.com/@jakob.jensen","55","25","0","0","80","high_confidence","ingen_konto"
"Ibrahim Benli","Enhedslisten - De Rød-Grønne","Københavns Omegns Storkreds","ibrahimbenli4","https://www.tiktok.com/@ibrahimbenli4","55","25","0","0","80","high_confidence","korrekt"
"Hans Andersen","Venstre","Nordsjællands Storkreds","hansandersenvenstre","https://www.tiktok.com/@hansandersenvenstre","35","25","15","5","80","high_confidence","korrekt"
"Line Rasmussen","Radikale Venstre","Østjyllands Storkreds","linerasmussen","https://www.tiktok.com/@linerasmussen","55","25","0","0","80","high_confidence","korrekt"
"Lars Bregnbak","Danmarksdemokraterne - Inger Støjberg","Nordsjællands Storkreds","lars_bregnbak","https://www.tiktok.com/@lars_bregnbak","55","25","0","0","80","high_confidence","korrekt"
"Kim Pagels","Radikale Venstre","Vestjyllands Storkreds","kimpagels","https://www.tiktok.com/@kimpagels","55","25","0","0","80","high_confidence","ingen_konto"
"Katrine Schiller","Danmarksdemokraterne - Inger Støjberg","Nordsjællands Storkreds","katrineschiller","https://www.tiktok.com/@katrineschiller","55","25","0","0","80","high_confidence","ingen_konto"
"Kasper Thomassen","Venstre","Vestjyllands Storkreds","kasperthomassen","https://www.tiktok.com/@kasperthomassen","55","25","0","0","80","high_confidence","ingen_konto"
"Emilie Schytte","Borgernes Parti - Lars Boje Mathiesen","Nordsjællands Storkreds","emilie.schytte.bp","https://www.tiktok.com/@emilie.schytte.bp","35","25","15","5","80","high_confidence","korrekt"
"Emil Nielsen","SF - Socialistisk Folkeparti","Nordsjællands Storkreds","emilnielsen","https://www.tiktok.com/@emilnielsen","55","25","0","0","80","high_confidence","ingen_konto"
"Dorte M. Nielsen","SF - Socialistisk Folkeparti","Nordjyllands Storkreds","dortenielsen","https://www.tiktok.com/@dortenielsen","55","25","0","0","80","high_confidence","ingen_konto"
"Sofie Mosgaard","Venstre","Fyns Storkreds","sofiemosgaard","https://www.tiktok.com/@sofiemosgaard","55","25","0","0","80","high_confidence","korrekt"
"Sofie Lippert","SF - Socialistisk Folkeparti","Østjyllands Storkreds","sofielippert","https://www.tiktok.com/@sofielippert","55","25","0","0","80","high_confidence","korrekt"
"Rosa Lund","Enhedslisten - De Rød-Grønne","Københavns Storkreds","denrigtigerosalund","https://www.tiktok.com/@denrigtigerosalund","55","25","0","0","80","high_confidence","korrekt"
"Martin Laursen","Enhedslisten - De Rød-Grønne","Østjyllands Storkreds","martinlaursen","https://www.tiktok.com/@martinlaursen","55","25","0","0","80","high_confidence","ingen_konto"
"Malene Sandfeld","Venstre","Københavns Storkreds","malenesandfeld","https://www.tiktok.com/@malenesandfeld","55","25","0","0","80","high_confidence","korrekt"
"Magnus Georg Jensen","Radikale Venstre","Københavns Storkreds","magnusgeorgjensen","https://www.tiktok.com/@magnusgeorgjensen","55","25","0","0","80","high_confidence","korrekt"
"Mads Sebbelov","Moderaterne","Københavns Storkreds","madssebbelov1","https://www.tiktok.com/@madssebbelov1","35","25","15","5","80","high_confidence","korrekt"
"Louis Jacobsen","Enhedslisten - De Rød-Grønne","Sjællands Storkreds","louisjacobsen","https://www.tiktok.com/@louisjacobsen","55","25","0","0","80","high_confidence","ingen_konto"
"Reza Javid","Enhedslisten - De Rød-Grønne","Fyns Storkreds","reza_javid","https://www.tiktok.com/@reza_javid","55","25","0","0","80","high_confidence","korrekt"
"Julie Jacobsen","Dansk Folkeparti","Sjællands Storkreds","juliejacobsen","https://www.tiktok.com/@juliejacobsen","55","25","0","0","80","high_confidence","ingen_konto"
"Josefine Paaske","Venstre","Sjællands Storkreds","josefinepaaske3","https://www.tiktok.com/@josefinepaaske3","35","25","15","5","80","high_confidence","korrekt"
"Romeo Troelsgaard","Dansk Folkeparti","Fyns Storkreds","romeotroelsgaard","https://www.tiktok.com/@romeotroelsgaard","55","25","0","0","80","high_confidence","korrekt"
"John Erik Wagner","Uden for partierne","Københavns Storkreds","john.erik.wagner1","https://www.tiktok.com/@john.erik.wagner1","55","25","0","0","80","high_confidence","korrekt"
"Søren Jensen","Liberal Alliance","Østjyllands Storkreds","sorenjensenla","https://www.tiktok.com/@sorenjensenla","39","25","15","0","79","high_confidence","korrekt"
"Sarah Nørris","Enhedslisten - De Rød-Grønne","Sydjyllands Storkreds","sarahnorris","https://www.tiktok.com/@sarahnorris","53","25","0","0","78","high_confidence","ingen_konto"
"Mikkel Bjørn","Dansk Folkeparti","Københavns Omegns Storkreds","mikkelbjorn","https://www.tiktok.com/@mikkelbjorn","53","25","0","0","78","high_confidence","korrekt"
"Jan E. Jørgensen","Venstre","Københavns Storkreds","janjorgensen","https://www.tiktok.com/@janjorgensen","53","25","0","0","78","high_confidence","ingen_konto"
"Thomas Skriver Jensen","Socialdemokratiet","Fyns Storkreds","thomas.skriver","https://www.tiktok.com/@thomas.skriver","53","16","8","0","77","high_confidence","korrekt"
"Lasse Haugaard Pedersen","Socialdemokratiet","Fyns Storkreds","lassepedersen","https://www.tiktok.com/@lassepedersen","53","16","8","0","77","high_confidence","ingen_konto"
"Leif Lahn Jensen","Socialdemokratiet","Østjyllands Storkreds","leifjensen","https://www.tiktok.com/@leifjensen","53","16","8","0","77","high_confidence","ingen_konto"
"Marlene Ambo-Rasmussen","Venstre","Fyns Storkreds","marleneambo","https://www.tiktok.com/@marleneambo","53","16","8","0","77","high_confidence","korrekt"
"Joachim Hoffmann-Petersen","Det Konservative Folkeparti","Fyns Storkreds","joachimpetersen","https://www.tiktok.com/@joachimpetersen","53","16","8","0","77","high_confidence","ingen_konto"
"Anders Peter Hansen","Liberal Alliance","Nordjyllands Storkreds","anderspeterhansenla","https://www.tiktok.com/@anderspeterhansenla","53","16","8","0","77","high_confidence","korrekt"
"Jeppe von Berg","Moderaterne","Vestjyllands Storkreds","jeppeberg","https://www.tiktok.com/@jeppeberg","53","16","8","0","77","high_confidence","ingen_konto"
"Victoria Helene Olsen","Det Konservative Folkeparti","Sjællands Storkreds","_victoriaolsen","https://www.tiktok.com/@_victoriaolsen","53","16","8","0","77","high_confidence","ingen_konto"
"Tina Cartey Hansen","Det Konservative Folkeparti","Københavns Omegns Storkreds","tinacartey","https://www.tiktok.com/@tinacartey","53","16","8","0","77","high_confidence","korrekt"
"Anders Krojgaard Lund","Det Konservative Folkeparti","Østjyllands Storkreds","anderslund","https://www.tiktok.com/@anderslund","53","16","8","0","77","high_confidence","ingen_konto"
"Katrine Evelyn Jensen","Socialdemokratiet","Vestjyllands Storkreds","katrineevelynjens","https://www.tiktok.com/@katrineevelynjens","53","16","8","0","77","high_confidence","korrekt"
"Zishan Ali","Moderaterne","Københavns Omegns Storkreds","zishan.ali2101","https://www.tiktok.com/@zishan.ali2101","35","25","15","0","75","high_confidence","korrekt"
"Thomas Skovgaard","Moderaterne","Nordjyllands Storkreds","thomasskovgaard44","https://www.tiktok.com/@thomasskovgaard44","35","25","15","0","75","high_confidence","korrekt"
"Tobias Jørgensen","Venstre","Sydjyllands Storkreds","stem_tobiasjorgensen","https://www.tiktok.com/@stem_tobiasjorgensen","55","12","8","0","75","high_confidence","korrekt"
"Zeynep Bardakci","Venstre","Københavns Storkreds","zeynepbardakci7","https://www.tiktok.com/@zeynepbardakci7","35","25","15","0","75","high_confidence","korrekt"
"Jacob Harris","Borgernes Parti - Lars Boje Mathiesen","Sjællands Storkreds","jacob.harris.borg","https://www.tiktok.com/@jacob.harris.borg","35","25","15","0","75","high_confidence","korrekt"
"Thomas Andresen","Venstre","Sydjyllands Storkreds","thomasandresen_venstre","https://www.tiktok.com/@thomasandresen_venstre","35","25","15","0","75","high_confidence","korrekt"
"Laura Emilie Fabricius-Lauritzen","Liberal Alliance","Københavns Storkreds","fabriciuslauritzen","https://www.tiktok.com/@fabriciuslauritzen","53","12","8","0","73","possible_match","korrekt"
"Jakob Larsen","Radikale Venstre","Fyns Storkreds","jakob.larsen.rv","https://www.tiktok.com/@jakob.larsen.rv","35","25","8","5","73","possible_match","korrekt"
"Anne Catherine Hoxcer Nielsen","Socialdemokratiet","Sydjyllands Storkreds","annenielsen","https://www.tiktok.com/@annenielsen","53","12","8","0","73","possible_match","ingen_konto"
"Kiki Bille Bach","Socialdemokratiet","Nordjyllands Storkreds","kikibach0","https://www.tiktok.com/@kikibach0","34","25","8","5","72","possible_match","korrekt"
"Lars Høyer Holmqvist","Liberal Alliance","Nordsjællands Storkreds","larsholmqvist5","https://www.tiktok.com/@larsholmqvist5","33","25","8","5","71","possible_match","korrekt"
"Runa Friis Hansen","Enhedslisten - De Rød-Grønne","Nordjyllands Storkreds","runa.friis.hansen","https://www.tiktok.com/@runa.friis.hansen","53","16","0","0","69","possible_match","korrekt"
"Thomas Quist Mortensen","Alternativet","Østjyllands Storkreds","thomasmortensen","https://www.tiktok.com/@thomasmortensen","53","16","0","0","69","possible_match","ingen_konto"
"Signe Sofie Larsen","Alternativet","Vestjyllands Storkreds","signelarsen","https://www.tiktok.com/@signelarsen","53","16","0","0","69","possible_match","ingen_konto"
"Kim Edberg Andersen","Danmarksdemokraterne - Inger Støjberg","Nordjyllands Storkreds","kimandersen","https://www.tiktok.com/@kimandersen","53","16","0","0","69","possible_match","ingen_konto"
"Maria Sofie Petersen","Enhedslisten - De Rød-Grønne","Københavns Storkreds","mariapetersen","https://www.tiktok.com/@mariapetersen","53","16","0","0","69","possible_match","ingen_konto"
"Martin Mickey Pedersen","Liberal Alliance","Sjællands Storkreds","martinpedersen","https://www.tiktok.com/@martinpedersen","53","16","0","0","69","possible_match","ingen_konto"
"Mette Bloch Hansen","Enhedslisten - De Rød-Grønne","Københavns Storkreds","mettehansen","https://www.tiktok.com/@mettehansen","53","16","0","0","69","possible_match","ingen_konto"
"Ina Juul Jensen","SF - Socialistisk Folkeparti","Sydjyllands Storkreds","inajensen","https://www.tiktok.com/@inajensen","53","16","0","0","69","possible_match","ingen_konto"
"John Bo Hansen","Borgernes Parti - Lars Boje Mathiesen","Sjællands Storkreds","johnhansen","https://www.tiktok.com/@johnhansen","53","16","0","0","69","possible_match","ingen_konto"
"Peter Juel-Jensen","Venstre","Bornholms Storkreds","peterjensen","https://www.tiktok.com/@peterjensen","53","16","0","0","69","possible_match","ingen_konto"
"Michael Rask","Liberal Alliance","Sjællands Storkreds","michael.raskliber","https://www.tiktok.com/@michael.raskliber","35","25","8","0","68","possible_match","korrekt"
"Yildiz Akdogan","Socialdemokratiet","Københavns Storkreds","yildizakdogan33","https://www.tiktok.com/@yildizakdogan33","35","25","8","0","68","possible_match","ingen_konto"
"Nikolaj C. Andersen","Moderaterne","Nordjyllands Storkreds","nikolajandersen35","https://www.tiktok.com/@nikolajandersen35","35","25","8","0","68","possible_match","ingen_konto"
"Mai Mercado","Det Konservative Folkeparti","Fyns Storkreds","maimercado_dk","https://www.tiktok.com/@maimercado_dk","35","25","8","0","68","possible_match","korrekt"
"Malte Larsen","Socialdemokratiet","Østjyllands Storkreds","malte.larsen0","https://www.tiktok.com/@malte.larsen0","35","25","8","0","68","possible_match","korrekt"
"Marcus Danielsson","Venstre","Sjællands Storkreds","venstre.marcusdanielsson","https://www.tiktok.com/@venstre.marcusdanielsson","35","25","8","0","68","possible_match","korrekt"
"Michael Nielsen","Moderaterne","Vestjyllands Storkreds","michaelnielsen15","https://www.tiktok.com/@michaelnielsen15","35","25","8","0","68","possible_match","ingen_konto"
"Jan Carlsen","Moderaterne","Sjællands Storkreds","jancarlsen82","https://www.tiktok.com/@jancarlsen82","35","25","8","0","68","possible_match","ingen_konto"
"Helle Jensen","Liberal Alliance","Vestjyllands Storkreds","hellejensen282","https://www.tiktok.com/@hellejensen282","35","25","8","0","68","possible_match","ingen_konto"
"Araz Khan","Liberal Alliance","Fyns Storkreds","arazkhan002","https://www.tiktok.com/@arazkhan002","35","25","8","0","68","possible_match","ingen_konto"
"Ali Qais","Moderaterne","Københavns Storkreds","ali.qaisofficiall","https://www.tiktok.com/@ali.qaisofficiall","35","25","8","0","68","possible_match","ingen_konto"
"Erik Jensen","Socialdemokratiet","Københavns Storkreds","erikjensen7","https://www.tiktok.com/@erikjensen7","35","25","8","0","68","possible_match","ingen_konto"
"Frank Clausen","Liberal Alliance","Københavns Omegns Storkreds","frankclausen4","https://www.tiktok.com/@frankclausen4","35","25","8","0","68","possible_match","ingen_konto"
"Dorthe Pedersen","Det Konservative Folkeparti","Nordjyllands Storkreds","dorthepedersen4","https://www.tiktok.com/@dorthepedersen4","35","25","8","0","68","possible_match","ingen_konto"
"Daniel Juhl","Borgernes Parti - Lars Boje Mathiesen","Fyns Storkreds","danieljuhlthygese","https://www.tiktok.com/@danieljuhlthygese","35","25","8","0","68","possible_match","ingen_konto"
"Kim Aas","Socialdemokratiet","Fyns Storkreds","kimaaschristensen","https://www.tiktok.com/@kimaaschristensen","35","25","8","0","68","possible_match","korrekt"
"Kim Lei-Jensen","Radikale Venstre","Fyns Storkreds","kimleijensen_rv","https://www.tiktok.com/@kimleijensen_rv","35","25","8","0","68","possible_match","korrekt"
"Rikke Christensen","Radikale Venstre","Østjyllands Storkreds","rikke_christensen14","https://www.tiktok.com/@rikke_christensen14","35","25","8","0","68","possible_match","ingen_konto"
"Rikke Hansen","Borgernes Parti - Lars Boje Mathiesen","Københavns Storkreds","rikkehansen51","https://www.tiktok.com/@rikkehansen51","35","25","8","0","68","possible_match","ingen_konto"
"Karan Khosla","Moderaterne","Københavns Omegns Storkreds","karankhosla53","https://www.tiktok.com/@karankhosla53","35","25","8","0","68","possible_match","ingen_konto"
"Kashif Ahmad","Radikale Venstre","Københavns Omegns Storkreds","kashifahmaddk","https://www.tiktok.com/@kashifahmaddk","35","25","8","0","68","possible_match","korrekt"
"Pernille Christensen","Moderaterne","Nordsjællands Storkreds","pernillechristensen74","https://www.tiktok.com/@pernillechristensen74","35","25","8","0","68","possible_match","ingen_konto"
"Malte Jäger","Liberal Alliance","Fyns Storkreds","maltejagerfyn","https://www.tiktok.com/@maltejagerfyn","18","25","15","5","63","possible_match","korrekt"
"Simon Kollerup","Socialdemokratiet","Nordjyllands Storkreds","politikkersimonkollerup","https://www.tiktok.com/@politikkersimonkollerup","18","25","15","5","63","possible_match","korrekt"
"Kristian Stokholm","Radikale Venstre","Sjællands Storkreds","stemstokholm","https://www.tiktok.com/@stemstokholm","18","25","15","5","63","possible_match","korrekt"
"Peter Vestergaard","Radikale Venstre","Vestjyllands Storkreds","petervestergaard7","https://www.tiktok.com/@petervestergaard7","35","25","0","0","60","possible_match","ingen_konto"
"Michael Jensen","Dansk Folkeparti","Københavns Omegns Storkreds","michael.jensenn","https://www.tiktok.com/@michael.jensenn","35","25","0","0","60","possible_match","ingen_konto"
"Martin Rahn Johansen","Danmarksdemokraterne - Inger Støjberg","Sjællands Storkreds","martinrahnjohansendd","https://www.tiktok.com/@martinrahnjohansendd","35","25","0","0","60","possible_match","korrekt"
"Ali Yahya","SF - Socialistisk Folkeparti","Sjællands Storkreds","aliyahya1010","https://www.tiktok.com/@aliyahya1010","35","25","0","0","60","possible_match","ingen_konto"
"Allan Holm","Borgernes Parti - Lars Boje Mathiesen","Fyns Storkreds","allanholm11","https://www.tiktok.com/@allanholm11","35","25","0","0","60","possible_match","ingen_konto"
"Bo Nielsen","Alternativet","Sydjyllands Storkreds","bonielsen4","https://www.tiktok.com/@bonielsen4","35","25","0","0","60","possible_match","ingen_konto"
"Thomas Hjort","Dansk Folkeparti","Nordjyllands Storkreds","thomashjort1","https://www.tiktok.com/@thomashjort1","35","25","0","0","60","possible_match","ingen_konto"
"Zohair Ali","Radikale Venstre","Københavns Omegns Storkreds","zohairali088","https://www.tiktok.com/@zohairali088","35","25","0","0","60","possible_match","ingen_konto"
"Fatih Baran","Enhedslisten - De Rød-Grønne","Københavns Omegns Storkreds","fatih.baran37","https://www.tiktok.com/@fatih.baran37","35","25","0","0","60","possible_match","korrekt"
"Rashid Ali","Uden for partierne","Københavns Storkreds","razfreedom","https://www.tiktok.com/@razfreedom","35","25","0","0","60","possible_match","korrekt"
"Rasmus Paludan","Uden for partierne","Københavns Storkreds","rasmuspaludanjokes","https://www.tiktok.com/@rasmuspaludanjokes","35","25","0","0","60","possible_match","ingen_konto"
"Rasmus Petersen","Enhedslisten - De Rød-Grønne","Nordsjællands Storkreds","rasmuspetersen17","https://www.tiktok.com/@rasmuspetersen17","35","25","0","0","60","possible_match","ingen_konto"
"Signe Munk","SF - Socialistisk Folkeparti","Vestjyllands Storkreds","signe_munk1","https://www.tiktok.com/@signe_munk1","35","25","0","0","60","possible_match","ingen_konto"
"Susanne Damsgaard","Danmarksdemokraterne - Inger Støjberg","Københavns Omegns Storkreds","susannedamsgaarddd","https://www.tiktok.com/@susannedamsgaarddd","35","25","0","0","60","possible_match","korrekt"
"Emil Andersen","Enhedslisten - De Rød-Grønne","Nordsjællands Storkreds","emil_andersen72","https://www.tiktok.com/@emil_andersen72","35","25","0","0","60","possible_match","ingen_konto"
"Esat Senturk","Radikale Venstre","Københavns Omegns Storkreds","esatsenturkrv","https://www.tiktok.com/@esatsenturkrv","35","25","0","0","60","possible_match","korrekt"
"Kim Larsen","Enhedslisten - De Rød-Grønne","Københavns Storkreds","kim.larsen183","https://www.tiktok.com/@kim.larsen183","35","25","0","0","60","possible_match","korrekt"
"Jacob Mark","SF - Socialistisk Folkeparti","Nordsjællands Storkreds","jacobmark_art","https://www.tiktok.com/@jacobmark_art","35","25","0","0","60","possible_match","ingen_konto"
"Jan Schumann","Alternativet","Københavns Storkreds","blandemaskinen","https://www.tiktok.com/@blandemaskinen","35","25","0","0","60","possible_match","korrekt"
"Jens Meilvang","Liberal Alliance","Østjyllands Storkreds","jensmeilvang165","https://www.tiktok.com/@jensmeilvang165","35","25","0","0","60","possible_match","korrekt"
"Kim Hammer","Dansk Folkeparti","Københavns Omegns Storkreds","kimhammer2","https://www.tiktok.com/@kimhammer2","35","25","0","0","60","possible_match","ingen_konto"
"Maria Sørensen","Enhedslisten - De Rød-Grønne","Østjyllands Storkreds","mariasorensen2","https://www.tiktok.com/@mariasorensen2","34","25","0","0","59","possible_match","ingen_konto"
"Rasmus Lund-Nielsen","Moderaterne","Nordsjællands Storkreds","rasmuslundnielsen_","https://www.tiktok.com/@rasmuslundnielsen_","34","16","8","0","58","possible_match","korrekt"
"Trine Birk Andersen","Socialdemokratiet","Sjællands Storkreds","trineandersen02","https://www.tiktok.com/@trineandersen02","34","16","8","0","58","possible_match","ingen_konto"
"Stine Thier-Andersen","Det Konservative Folkeparti","Nordjyllands Storkreds","stinethierandersen","https://www.tiktok.com/@stinethierandersen","34","16","8","0","58","possible_match","korrekt"
"Peter Kempf Pedersen","Socialdemokratiet","Vestjyllands Storkreds","peterpedersen3","https://www.tiktok.com/@peterpedersen3","34","16","8","0","58","possible_match","ingen_konto"
"Kim Alexander Jensen","Liberal Alliance","Sydjyllands Storkreds","kimjensen11","https://www.tiktok.com/@kimjensen11","34","16","8","0","58","possible_match","ingen_konto"
"Nikolaj Brink Olsen","Liberal Alliance","Sjællands Storkreds","nikolajolsen5","https://www.tiktok.com/@nikolajolsen5","34","16","8","0","58","possible_match","ingen_konto"
"Michael Bang Pedersen","Borgernes Parti - Lars Boje Mathiesen","Østjyllands Storkreds","michaelpedersen04","https://www.tiktok.com/@michaelpedersen04","34","16","8","0","58","possible_match","ingen_konto"
"Finn Hartvig Nielsen","Radikale Venstre","Sydjyllands Storkreds","finnnielsen0","https://www.tiktok.com/@finnnielsen0","34","16","8","0","58","possible_match","ingen_konto"
"Andreas Fjord Larsen","Venstre","Fyns Storkreds","andreaslarsen96","https://www.tiktok.com/@andreaslarsen96","34","16","8","0","58","possible_match","ingen_konto"
"Barbara Krarup Hansen","Radikale Venstre","Sydjyllands Storkreds","barbarakrarup","https://www.tiktok.com/@barbarakrarup","34","16","8","0","58","possible_match","korrekt"
"Christian Friis Bach","Venstre","Sjællands Storkreds","christianbach75","https://www.tiktok.com/@christianbach75","34","16","8","0","58","possible_match","ingen_konto"
"Anders Bo Larsen","Venstre","Københavns Omegns Storkreds","anderslarsen91","https://www.tiktok.com/@anderslarsen91","34","16","8","0","58","possible_match","ingen_konto"
"Emma Juul Hansen","Det Konservative Folkeparti","Nordsjællands Storkreds","emmahansen25","https://www.tiktok.com/@emmahansen25","34","16","8","0","58","possible_match","ingen_konto"
"Frederik Blicher Pedersen","Liberal Alliance","Nordjyllands Storkreds","frederikpedersen95","https://www.tiktok.com/@frederikpedersen95","34","16","8","0","58","possible_match","ingen_konto"
"Gitte Bjerremand Andersen","Moderaterne","Sydjyllands Storkreds","gitteandersen82","https://www.tiktok.com/@gitteandersen82","34","16","8","0","58","possible_match","ingen_konto"
"Jakob Engel-Schmidt","Moderaterne","Københavns Storkreds","jakobengelschmidt","https://www.tiktok.com/@jakobengelschmidt","34","16","8","0","58","possible_match","korrekt"
"Mathias Sikora","Radikale Venstre","Østjyllands Storkreds","mathiassikora","https://www.tiktok.com/@mathiassikora","18","25","8","5","56","possible_match","korrekt"
"Bo Vibe Ancher Jensen","Dansk Folkeparti","Bornholms Storkreds","bojensenxxx","https://www.tiktok.com/@bojensenxxx","34","18","0","0","52","possible_match","ingen_konto"
"Morten Sørensen","Det Konservative Folkeparti","Østjyllands Storkreds","morten.srensen16","https://www.tiktok.com/@morten.srensen16","18","25","8","0","51","possible_match","korrekt"
"Anna Calero","Alternativet","Østjyllands Storkreds","ivannaacalero","https://www.tiktok.com/@ivannaacalero","18","25","8","0","51","possible_match","ingen_konto"
"Dennis Flydtkjær","Danmarksdemokraterne - Inger Støjberg","Vestjyllands Storkreds","flydtkjaer","https://www.tiktok.com/@flydtkjaer","18","25","8","0","51","possible_match","korrekt"
"Anja Lund","Venstre","Fyns Storkreds","anjalund753","https://www.tiktok.com/@anjalund753","18","25","8","0","51","possible_match","korrekt"
"Anders Kronborg","Socialdemokratiet","Sydjyllands Storkreds","kronborg1982","https://www.tiktok.com/@kronborg1982","18","25","8","0","51","possible_match","korrekt"
"Line Randa","Moderaterne","Nordjyllands Storkreds","randa__hajjaj","https://www.tiktok.com/@randa__hajjaj","18","25","8","0","51","possible_match","ingen_konto"
"Thomas Christiansen","Liberal Alliance","Nordjyllands Storkreds","x.christiansen","https://www.tiktok.com/@x.christiansen","18","25","8","0","51","possible_match","ingen_konto"
"Nicolai Sandager","Liberal Alliance","Sjællands Storkreds","sandagern","https://www.tiktok.com/@sandagern","18","25","8","0","51","possible_match","korrekt"
"Peter Larsen","Liberal Alliance","Nordjyllands Storkreds","ptrlarsen","https://www.tiktok.com/@ptrlarsen","18","25","8","0","51","possible_match","ingen_konto"
"Troels Overgaard","Venstre","Sydjyllands Storkreds","overgaardtroels","https://www.tiktok.com/@overgaardtroels","18","25","8","0","51","possible_match","ingen_konto"
"Hediye Temiz","Radikale Venstre","Nordsjællands Storkreds","hediyedptemiz","https://www.tiktok.com/@hediyedptemiz","18","25","8","0","51","possible_match","korrekt"
"Johan Emil Sevelsted","Det Konservative Folkeparti","Fyns Storkreds","johanemildk","https://www.tiktok.com/@johanemildk","18","25","8","0","51","possible_match","korrekt"
"Stine Ry Andersen 8,","Enhedslisten - De Rød-Grønne","Vestjyllands Storkreds","stine.andersen_dk","https://www.tiktok.com/@stine.andersen_dk","34","16","0","0","50","possible_match","korrekt"
"Kirsten Normann Andersen","SF - Socialistisk Folkeparti","Østjyllands Storkreds","kirstenandersen6","https://www.tiktok.com/@kirstenandersen6","34","16","0","0","50","possible_match","ingen_konto"
"Marcus Bech Pedersen","Alternativet","Østjyllands Storkreds","marcus_pedersen1","https://www.tiktok.com/@marcus_pedersen1","34","16","0","0","50","possible_match","ingen_konto"
"Kevin Alex Rasmussen","Enhedslisten - De Rød-Grønne","Sjællands Storkreds","kevinrasmussen7","https://www.tiktok.com/@kevinrasmussen7","34","16","0","0","50","possible_match","ingen_konto"
"Karen Thestrup Clausen","Enhedslisten - De Rød-Grønne","Sjællands Storkreds","karenclausen233","https://www.tiktok.com/@karenclausen233","34","16","0","0","50","possible_match","ingen_konto"
"Simon Meyer Off","SF - Socialistisk Folkeparti","Fyns Storkreds","simonmeyeroff","https://www.tiktok.com/@simonmeyeroff","34","16","0","0","50","possible_match","korrekt"
"Sinem Dybvad Demir","Enhedslisten - De Rød-Grønne","Nordsjællands Storkreds","sinemdybvaddemirehl","https://www.tiktok.com/@sinemdybvaddemirehl","34","16","0","0","50","possible_match","korrekt"
"Bob Richard Nielsen","Danmarksdemokraterne - Inger Støjberg","Sjællands Storkreds","bobnielsen90","https://www.tiktok.com/@bobnielsen90","34","16","0","0","50","possible_match","ingen_konto"
"Cecilie Liv Hansen","Liberal Alliance","Sydjyllands Storkreds","cecilieldh","https://www.tiktok.com/@cecilieldh","34","16","0","0","50","possible_match","korrekt"
"Christina Hedegaard Hansen","Enhedslisten - De Rød-Grønne","Østjyllands Storkreds","christinahansen208","https://www.tiktok.com/@christinahansen208","34","16","0","0","50","possible_match","ingen_konto"
"Emma Thorup Jacobsen","SF - Socialistisk Folkeparti","Vestjyllands Storkreds","emmajacobsen28","https://www.tiktok.com/@emmajacobsen28","34","16","0","0","50","possible_match","ingen_konto"
"Vivian Lindberg Larsen","Danmarksdemokraterne - Inger Støjberg","Fyns Storkreds","vivianlarsen31","https://www.tiktok.com/@vivianlarsen31","34","16","0","0","50","possible_match","ingen_konto"
"Tobias Brus Mikkelsen","Dansk Folkeparti","Sydjyllands Storkreds","tobias.b.mikkelsen","https://www.tiktok.com/@tobias.b.mikkelsen","34","16","0","0","50","possible_match","korrekt"
"Jimmy Abel Nielsen","Liberal Alliance","Nordjyllands Storkreds","jimmynielsen36","https://www.tiktok.com/@jimmynielsen36","34","16","0","0","50","possible_match","ingen_konto"
"Holly Marie Turner","Enhedslisten - De Rød-Grønne","Sydjyllands Storkreds","hollymarieturner","https://www.tiktok.com/@hollymarieturner","34","16","0","0","50","possible_match","korrekt"
"Thomas Due Nielsen","Alternativet","Østjyllands Storkreds","thomasnielsen1","https://www.tiktok.com/@thomasnielsen1","34","16","0","0","50","possible_match","ingen_konto"
"Laura Elise Andersen-Mühl","SF - Socialistisk Folkeparti","Fyns Storkreds","laurahl_98","https://www.tiktok.com/@laurahl_98","34","12","0","0","46","possible_match","ingen_konto"
"Anne Marie Geisler Andersen","Radikale Venstre","Sydjyllands Storkreds","anneandersen10","https://www.tiktok.com/@anneandersen10","34","12","0","0","46","possible_match","ingen_konto"
"Anne Sophie Callesen","Radikale Venstre","Østjyllands Storkreds","annesophierv","https://www.tiktok.com/@annesophierv","0","25","15","5","45","possible_match","korrekt"
"Denise Rostgaard","Dansk Folkeparti","Københavns Storkreds","deniserostgaard","https://www.tiktok.com/@deniserostgaard","0","25","15","5","45","possible_match","korrekt"
"Charlotte Bagge","Moderaterne","Sjællands Storkreds","moderaterne","https://www.tiktok.com/@moderaterne","0","25","15","5","45","possible_match","ingen_konto"
"Morten Høgh","Venstre","Vestjyllands Storkreds","mortenhogh_venstre","https://www.tiktok.com/@mortenhogh_venstre","0","25","15","5","45","possible_match","korrekt"
"Pia Olsen Dyhr","SF - Socialistisk Folkeparti","Sjællands Storkreds","sfungdom","https://www.tiktok.com/@sfungdom","0","25","15","5","45","possible_match","ingen_konto"
"Ruben Kidde","Radikale Venstre","Københavns Omegns Storkreds","radikaleruben","https://www.tiktok.com/@radikaleruben","0","25","15","5","45","possible_match","korrekt"
"Mohammad Rona","Moderaterne","Nordjyllands Storkreds","mohammad_rona","https://www.tiktok.com/@mohammad_rona","0","25","15","5","45","possible_match","korrekt"
"Franciska Rosenkilde","Alternativet","Københavns Storkreds","jacob.jorgsholm","https://www.tiktok.com/@jacob.jorgsholm","0","25","15","5","45","possible_match","ingen_konto"
"John Brill Engkebølle","Danmarksdemokraterne - Inger Støjberg","Sjællands Storkreds","brill1977","https://www.tiktok.com/@brill1977","0","25","15","5","45","possible_match","korrekt"
"Søren Gade","Venstre","Vestjyllands Storkreds","tvmidtvest","https://www.tiktok.com/@tvmidtvest","0","25","15","5","45","possible_match","ingen_konto"
"Svend Stein Olsen","Liberal Alliance","Vestjyllands Storkreds","svends047","https://www.tiktok.com/@svends047","0","25","15","5","45","possible_match","korrekt"
"Thomas Majgaard Byrsing","Danmarksdemokraterne - Inger Støjberg","Sydjyllands Storkreds","thomasmajgaardbyr","https://www.tiktok.com/@thomasmajgaardbyr","0","25","15","5","45","possible_match","korrekt"
"Mikkel Sammy Christensen","SF - Socialistisk Folkeparti","Københavns Storkreds","mikkel4prez","https://www.tiktok.com/@mikkel4prez","0","25","15","5","45","possible_match","korrekt"
"Maria Temponeras","Enhedslisten - De Rød-Grønne","Østjyllands Storkreds","enhedslisten.midt","https://www.tiktok.com/@enhedslisten.midt","0","25","15","5","45","possible_match","ingen_konto"
"Sten Larsen","Moderaterne","Østjyllands Storkreds","moderaterne","https://www.tiktok.com/@moderaterne","0","25","15","5","45","possible_match","ingen_konto"
"Kristjar Skajaa","Enhedslisten - De Rød-Grønne","Østjyllands Storkreds","kaacrylics","https://www.tiktok.com/@kaacrylics","0","25","15","5","45","possible_match","ingen_konto"
"Edvard Korsbæk","Alternativet","Sydjyllands Storkreds","kent.nielsen.danmark","https://www.tiktok.com/@kent.nielsen.danmark","0","25","15","5","45","possible_match","ingen_konto"
"Kim Gaarsdahl","Liberal Alliance","Nordjyllands Storkreds","kimgaarsdahl","https://www.tiktok.com/@kimgaarsdahl","0","25","15","5","45","possible_match","korrekt"
"Lisbeth Bech-Nielsen","SF - Socialistisk Folkeparti","Københavns Storkreds","xoxopoppy35","https://www.tiktok.com/@xoxopoppy35","0","25","15","5","45","possible_match","ingen_konto"
"Carolina Cámara","Enhedslisten - De Rød-Grønne","Nordsjællands Storkreds","caarolinacamaraa","https://www.tiktok.com/@caarolinacamaraa","18","25","0","0","43","manual_review","korrekt"
"Erik Poulsen","Danmarksdemokraterne - Inger Støjberg","Østjyllands Storkreds","poulsencrew","https://www.tiktok.com/@poulsencrew","18","25","0","0","43","manual_review","ingen_konto"
"Lars König","Alternativet","Sjællands Storkreds","larskoenig","https://www.tiktok.com/@larskoenig","18","25","0","0","43","manual_review","ingen_konto"
"Hans Jensen","Enhedslisten - De Rød-Grønne","Nordjyllands Storkreds","martinhansjensen","https://www.tiktok.com/@martinhansjensen","18","25","0","0","43","manual_review","ingen_konto"
"Thomas Rohden","Radikale Venstre","Københavns Storkreds","radikaleeeforrohden","https://www.tiktok.com/@radikaleeeforrohden","18","25","0","0","43","manual_review","korrekt"
"Sofie F. Villadsen","SF - Socialistisk Folkeparti","Københavns Omegns Storkreds","sofie_f_villadsen","https://www.tiktok.com/@sofie_f_villadsen","18","25","0","0","43","manual_review","korrekt"
"Sofie Christiansen","SF - Socialistisk Folkeparti","Bornholms Storkreds","sofiiechristiansen","https://www.tiktok.com/@sofiiechristiansen","18","25","0","0","43","manual_review","ingen_konto"
"Simon Rigét","Alternativet","Nordsjællands Storkreds","simonwright078","https://www.tiktok.com/@simonwright078","18","25","0","0","43","manual_review","ingen_konto"
"Michael Pihl","Dansk Folkeparti","Sjællands Storkreds","jaredmichaelpihl","https://www.tiktok.com/@jaredmichaelpihl","18","25","0","0","43","manual_review","ingen_konto"
"Lilje Holm","Enhedslisten - De Rød-Grønne","Sydjyllands Storkreds","kalleliljeholmen","https://www.tiktok.com/@kalleliljeholmen","18","25","0","0","43","manual_review","ingen_konto"
"Katrine Daugaard","Liberal Alliance","Fyns Storkreds","katrinedaugaard26","https://www.tiktok.com/@katrinedaugaard26","18","25","0","0","43","manual_review","korrekt"
"Victoria Velásquez","Enhedslisten - De Rød-Grønne","Fyns Storkreds","victoria__velasquez","https://www.tiktok.com/@victoria__velasquez","18","25","0","0","43","manual_review","korrekt"
"Line Krogh Lay","Radikale Venstre","Sjællands Storkreds","faceless.linelay","https://www.tiktok.com/@faceless.linelay","18","16","8","0","42","manual_review","ingen_konto"
"Dina Andersen-Raabjerg","Det Konservative Folkeparti","Vestjyllands Storkreds","dinamyrupraabjerg","https://www.tiktok.com/@dinamyrupraabjerg","18","16","8","0","42","manual_review","korrekt"
"Lasse Vogel Andersen","Det Konservative Folkeparti","Københavns Storkreds","ahmandersen","https://www.tiktok.com/@ahmandersen","18","16","8","0","42","manual_review","ingen_konto"
"Elva Bille Klem","Liberal Alliance","Sjællands Storkreds","klemfamily","https://www.tiktok.com/@klemfamily","18","16","8","0","42","manual_review","ingen_konto"
"Mona Juul","Det Konservative Folkeparti","Østjyllands Storkreds","dfnyheder","https://www.tiktok.com/@dfnyheder","0","25","15","0","40","manual_review","ingen_konto"
"Sascha Faxe","Alternativet","Sjællands Storkreds","saschafaxe1","https://www.tiktok.com/@saschafaxe1","0","25","15","0","40","manual_review","korrekt"
"Thomas Danielsen","Venstre","Vestjyllands Storkreds","thomasdanielsendk","https://www.tiktok.com/@thomasdanielsendk","0","25","15","0","40","manual_review","korrekt"
"Noah Sturis","Alternativet","Københavns Storkreds","unfuckthesystem","https://www.tiktok.com/@unfuckthesystem","0","25","15","0","40","manual_review","korrekt"
"Troels Lund Poulsen","Venstre","Østjyllands Storkreds","venstredk","https://www.tiktok.com/@venstredk","0","25","15","0","40","manual_review","ingen_konto"
"Trine Mach 1,","Enhedslisten - De Rød-Grønne","Østjyllands Storkreds","trine.mach","https://www.tiktok.com/@trine.mach","0","25","15","0","40","manual_review","korrekt"
"Peder Hvelplund","Enhedslisten - De Rød-Grønne","Nordjyllands Storkreds","ellenemilie","https://www.tiktok.com/@ellenemilie","0","25","15","0","40","manual_review","ingen_konto"
"Peter Kofod","Dansk Folkeparti","Sydjyllands Storkreds","dfnyheder","https://www.tiktok.com/@dfnyheder","0","25","15","0","40","manual_review","ingen_konto"
"Peter Skaarup","Danmarksdemokraterne - Inger Støjberg","Sjællands Storkreds","peterskaarup4real","https://www.tiktok.com/@peterskaarup4real","0","25","15","0","40","manual_review","korrekt"
"Helena Hedegaard Udsen","Enhedslisten - De Rød-Grønne","Sjællands Storkreds","helena_hedegaard_","https://www.tiktok.com/@helena_hedegaard_","0","25","15","0","40","manual_review","korrekt"
"Karsten Hønge","SF - Socialistisk Folkeparti","Fyns Storkreds","sfpolitik","https://www.tiktok.com/@sfpolitik","0","25","15","0","40","manual_review","ingen_konto"
"Sophie Løhde","Venstre","Nordsjællands Storkreds","alexanderwyttesen","https://www.tiktok.com/@alexanderwyttesen","0","25","15","0","40","manual_review","ingen_konto"
"Gert Bjerregaard","Venstre","Østjyllands Storkreds","rgu.aarhus","https://www.tiktok.com/@rgu.aarhus","0","25","15","0","40","manual_review","ingen_konto"
"Emilla Møller","Socialdemokratiet","Københavns Storkreds","emillamoeller","https://www.tiktok.com/@emillamoeller","0","25","15","0","40","manual_review","korrekt"
"Emil Sloth","Alternativet","Nordjyllands Storkreds","emilslothandersen","https://www.tiktok.com/@emilslothandersen","0","25","15","0","40","manual_review","korrekt"
"Edith Vels","Enhedslisten - De Rød-Grønne","Østjyllands Storkreds","edith_vels","https://www.tiktok.com/@edith_vels","0","25","15","0","40","manual_review","korrekt"
"Christina Egelund","Moderaterne","Østjyllands Storkreds","moderaterne","https://www.tiktok.com/@moderaterne","0","25","15","0","40","manual_review","ingen_konto"
"Camilla Fabricius","Socialdemokratiet","Østjyllands Storkreds","allanschmidtdk","https://www.tiktok.com/@allanschmidtdk","0","25","15","0","40","manual_review","ingen_konto"
"Betina Kastbjerg","Danmarksdemokraterne - Inger Støjberg","Vestjyllands Storkreds","betinakastbjerg","https://www.tiktok.com/@betinakastbjerg","0","25","15","0","40","manual_review","korrekt"
"Annie Hagel","Enhedslisten - De Rød-Grønne","Nordsjællands Storkreds","enhedslisten.midt","https://www.tiktok.com/@enhedslisten.midt","0","25","15","0","40","manual_review","ingen_konto"
"Mette Thiesen","Dansk Folkeparti","Nordsjællands Storkreds","sadismo.dk","https://www.tiktok.com/@sadismo.dk","0","25","15","0","40","manual_review","ingen_konto"
"Mette Abildgaard","Det Konservative Folkeparti","Nordsjællands Storkreds","zetlanddk","https://www.tiktok.com/@zetlanddk","0","25","15","0","40","manual_review","ingen_konto"
"Linea Søgaard-Lidell","Venstre","Københavns Storkreds","linea.lidell","https://www.tiktok.com/@linea.lidell","0","25","15","0","40","manual_review","korrekt"
"Lars-Christian Brask","Liberal Alliance","Sjællands Storkreds","larschristianbrask","https://www.tiktok.com/@larschristianbrask","0","25","15","0","40","manual_review","korrekt"
"Lars Løkke Rasmussen","Moderaterne","Sjællands Storkreds","larsloekke_","https://www.tiktok.com/@larsloekke_","0","25","15","0","40","manual_review","korrekt"
"Anne Paulin","Socialdemokratiet","Vestjyllands Storkreds","atomkraftjatak","https://www.tiktok.com/@atomkraftjatak","0","25","15","0","40","manual_review","ingen_konto"
"Alex Ahrendtsen","Dansk Folkeparti","Fyns Storkreds","fhdanmark","https://www.tiktok.com/@fhdanmark","0","25","15","0","40","manual_review","ingen_konto"
"Henrik Brodersen","Dansk Folkeparti","Sjællands Storkreds","dfnyheder","https://www.tiktok.com/@dfnyheder","0","25","15","0","40","manual_review","ingen_konto"
"Andreas Lausen","Moderaterne","Fyns Storkreds","hajisalaax","https://www.tiktok.com/@hajisalaax","0","25","15","0","40","manual_review","ingen_konto"
"Carina Høedt","Det Konservative Folkeparti","Københavns Storkreds","carina.til.folketinget","https://www.tiktok.com/@carina.til.folketinget","0","25","8","5","38","manual_review","korrekt"
"Frederik Houmann Thuesen","Venstre","Vestjyllands Storkreds","frederikhoumannth","https://www.tiktok.com/@frederikhoumannth","0","25","8","5","38","manual_review","korrekt"
"Anders Kühnau","Socialdemokratiet","Østjyllands Storkreds","sebastianibyraadet","https://www.tiktok.com/@sebastianibyraadet","0","25","8","5","38","manual_review","ingen_konto"
"Helene Lykke","Liberal Alliance","Sydjyllands Storkreds","hjal8","https://www.tiktok.com/@hjal8","18","12","8","0","38","manual_review","korrekt"
"Isabel Havndrup Aackmann","Radikale Venstre","Københavns Omegns Storkreds","havndrup","https://www.tiktok.com/@havndrup","0","25","8","5","38","manual_review","korrekt"
"Morten Ryom","Socialdemokratiet","Nordjyllands Storkreds","ry0m18","https://www.tiktok.com/@ry0m18","0","25","8","5","38","manual_review","korrekt"
"Emma Biørn Tretow-Fish","Radikale Venstre","Nordjyllands Storkreds","brotherfishemma","https://www.tiktok.com/@brotherfishemma","18","12","8","0","38","manual_review","ingen_konto"
"Sara Emil Baaring","Socialdemokratiet","Fyns Storkreds","saraemilbaaring","https://www.tiktok.com/@saraemilbaaring","0","25","8","5","38","manual_review","korrekt"
"Rune Kristensen","Det Konservative Folkeparti","Sjællands Storkreds","frank.nielsen_dan","https://www.tiktok.com/@frank.nielsen_dan","0","25","8","5","38","manual_review","ingen_konto"
"Marianne Karlsmose","Det Konservative Folkeparti","Vestjyllands Storkreds","user2.0abc","https://www.tiktok.com/@user2.0abc","0","25","8","5","38","manual_review","ingen_konto"
"Karina Lorentzen Dehnhardt","SF - Socialistisk Folkeparti","Sydjyllands Storkreds","karina_lorentzen","https://www.tiktok.com/@karina_lorentzen","0","16","15","5","36","manual_review","korrekt"
"Mikkel Westh Jepsen","Radikale Venstre","Nordsjællands Storkreds","mikkelwj2","https://www.tiktok.com/@mikkelwj2","0","16","15","5","36","manual_review","korrekt"
"Eik Dahl Bidstrup","Liberal Alliance","Bornholms Storkreds","eikdahlbidstrup","https://www.tiktok.com/@eikdahlbidstrup","18","8","8","0","34","manual_review","korrekt"
"Michael Portefee P. Lex","Radikale Venstre","Nordjyllands Storkreds","_lex_p","https://www.tiktok.com/@_lex_p","18","8","8","0","34","manual_review","ingen_konto"
"Anette Jensen Smith","Alternativet","Nordjyllands Storkreds","anette.jensen.smi","https://www.tiktok.com/@anette.jensen.smi","18","16","0","0","34","manual_review","korrekt"
"Eva Flyvholm 10,","Enhedslisten - De Rød-Grønne","Sjællands Storkreds","eva_jeanette10","https://www.tiktok.com/@eva_jeanette10","18","16","0","0","34","manual_review","ingen_konto"
"Marie Bjerre","Venstre","Nordjyllands Storkreds","cecilie050108","https://www.tiktok.com/@cecilie050108","0","25","8","0","33","manual_review","ingen_konto"
"Karsten Byrgesen","Borgernes Parti - Lars Boje Mathiesen","Sydjyllands Storkreds","karstenbyrgesen","https://www.tiktok.com/@karstenbyrgesen","0","25","8","0","33","manual_review","korrekt"
"Maria Durhuus","Socialdemokratiet","Københavns Omegns Storkreds","mariadurhuus1","https://www.tiktok.com/@mariadurhuus1","0","25","8","0","33","manual_review","korrekt"
"Joachim Riis","Liberal Alliance","Sjællands Storkreds","joachimjepsen","https://www.tiktok.com/@joachimjepsen","0","25","8","0","33","manual_review","ingen_konto"
"Jesper Petersen","Socialdemokratiet","Sydjyllands Storkreds","brawlgems927","https://www.tiktok.com/@brawlgems927","0","25","8","0","33","manual_review","afventer"
"Stig Ekman","Socialdemokratiet","Københavns Storkreds","framatbruket","https://www.tiktok.com/@framatbruket","0","25","8","0","33","manual_review","afventer"
"Kaare Dybvad Bek","Socialdemokratiet","Sjællands Storkreds","unherdtv","https://www.tiktok.com/@unherdtv","0","25","8","0","33","manual_review","afventer"
"Sofie Therese Svendsen","Det Konservative Folkeparti","Nordjyllands Storkreds","abenahlilibel","https://www.tiktok.com/@abenahlilibel","0","25","8","0","33","manual_review","afventer"
"Rune Christiansen","Radikale Venstre","Østjyllands Storkreds","katodeschuyter","https://www.tiktok.com/@katodeschuyter","0","25","8","0","33","manual_review","afventer"
"Rosa Eriksen","Moderaterne","Fyns Storkreds","danielamendozatu","https://www.tiktok.com/@danielamendozatu","0","25","8","0","33","manual_review","afventer"
"Rasmus Bjergegaard","Det Konservative Folkeparti","Københavns Storkreds","derekhartmandk","https://www.tiktok.com/@derekhartmandk","0","25","8","0","33","manual_review","afventer"
"Nikolaj Leed Henriksen","Venstre","Fyns Storkreds","vuodense","https://www.tiktok.com/@vuodense","0","25","8","0","33","manual_review","afventer"
"Niels Povlsgaard","Liberal Alliance","Østjyllands Storkreds","goodmoin.lina","https://www.tiktok.com/@goodmoin.lina","0","25","8","0","33","manual_review","afventer"
"Thomas Monberg","Socialdemokratiet","Østjyllands Storkreds","synctv3","https://www.tiktok.com/@synctv3","0","25","8","0","33","manual_review","afventer"
"Sophie Hæstorp Andersen","Socialdemokratiet","Københavns Storkreds","presse_fotos.dk","https://www.tiktok.com/@presse_fotos.dk","0","25","8","0","33","manual_review","afventer"
"Mikkel Senna Odoom","Radikale Venstre","Københavns Storkreds","intact.denmark","https://www.tiktok.com/@intact.denmark","0","25","8","0","33","manual_review","afventer"
"Mattias Tesfaye","Socialdemokratiet","Københavns Omegns Storkreds","skolelaerer","https://www.tiktok.com/@skolelaerer","0","25","8","0","33","manual_review","afventer"
"Frederik Bloch Münster","Det Konservative Folkeparti","Sydjyllands Storkreds","victorsbiler","https://www.tiktok.com/@victorsbiler","0","25","8","0","33","manual_review","afventer"
"Frederik Lundberg","Borgernes Parti - Lars Boje Mathiesen","Københavns Omegns Storkreds","the.meatstick","https://www.tiktok.com/@the.meatstick","0","25","8","0","33","manual_review","afventer"
"Freja Eva Lockenwitz","Radikale Venstre","Nordsjællands Storkreds","taehyungsby","https://www.tiktok.com/@taehyungsby","0","25","8","0","33","manual_review","afventer"
"Frida Bruun","Moderaterne","Sydjyllands Storkreds","almadamgaardd","https://www.tiktok.com/@almadamgaardd","0","25","8","0","33","manual_review","afventer"
"Jens Frost","Radikale Venstre","Københavns Omegns Storkreds","its_me_ralle","https://www.tiktok.com/@its_me_ralle","0","25","8","0","33","manual_review","afventer"
"Helene Fagerhøj","Det Konservative Folkeparti","Københavns Storkreds","helenefagerhoej","https://www.tiktok.com/@helenefagerhoej","0","25","8","0","33","manual_review","afventer"
"Gustav Wilde","Liberal Alliance","Fyns Storkreds","megustav","https://www.tiktok.com/@megustav","0","25","8","0","33","manual_review","afventer"
"Hans Skou","Venstre","Østjyllands Storkreds","kommunistisk.parti","https://www.tiktok.com/@kommunistisk.parti","0","25","8","0","33","manual_review","afventer"
"Anna Bjerre","Alternativet","Nordjyllands Storkreds","maealexxxxxx","https://www.tiktok.com/@maealexxxxxx","0","25","8","0","33","manual_review","afventer"
"Camilla Hoffmann","Socialdemokratiet","Københavns Storkreds","camillahf","https://www.tiktok.com/@camillahf","0","25","8","0","33","manual_review","afventer"
"Edris Qasimi","Radikale Venstre","Sjællands Storkreds","aburahman.officiall","https://www.tiktok.com/@aburahman.officiall","0","25","8","0","33","manual_review","afventer"
"Emil Moselund","Radikale Venstre","Københavns Storkreds","derekhartmandk","https://www.tiktok.com/@derekhartmandk","0","25","8","0","33","manual_review","afventer"
"Anders Sørensen","Alternativet","Københavns Storkreds","haverslev_truckspotter","https://www.tiktok.com/@haverslev_truckspotter","0","25","8","0","33","manual_review","afventer"
"Ane Halsboe-Jørgensen","Socialdemokratiet","Nordjyllands Storkreds","ane.halsboejrgense","https://www.tiktok.com/@ane.halsboejrgense","0","25","8","0","33","manual_review","afventer"
"Lise Müller","SF - Socialistisk Folkeparti","Fyns Storkreds","lisamuller24","https://www.tiktok.com/@lisamuller24","18","12","0","0","30","manual_review","afventer"
"Karina Adsbøl","Danmarksdemokraterne - Inger Støjberg","Sydjyllands Storkreds","kimmiethecrimi","https://www.tiktok.com/@kimmiethecrimi","0","25","0","5","30","manual_review","afventer"
"Sofus Teislev","SF - Socialistisk Folkeparti","Sydjyllands Storkreds","nicolaiek","https://www.tiktok.com/@nicolaiek","0","12","15","0","27","manual_review","afventer"
"Matilde Skov-Hansen","Alternativet","Fyns Storkreds","mathilde.s.hansen","https://www.tiktok.com/@mathilde.s.hansen","18","8","0","0","26","manual_review","afventer"
"Christina Eilers","Enhedslisten - De Rød-Grønne","Nordjyllands Storkreds","shawarmaclassic.sa","https://www.tiktok.com/@shawarmaclassic.sa","0","25","0","0","25","manual_review","afventer"
"Chelle Lilly Albøge","Liberal Alliance","Nordsjællands Storkreds","chelle.lilly","https://www.tiktok.com/@chelle.lilly","0","25","0","0","25","manual_review","afventer"
"Charlotte Munch","Danmarksdemokraterne - Inger Støjberg","Københavns Omegns Storkreds","multiverseofmcfly","https://www.tiktok.com/@multiverseofmcfly","0","25","0","0","25","manual_review","afventer"
"Bjørn Olsen","Alternativet","Østjyllands Storkreds","bjoornbjoorn","https://www.tiktok.com/@bjoornbjoorn","0","25","0","0","25","manual_review","afventer"
"Halime Oguz","SF - Socialistisk Folkeparti","Københavns Storkreds","saraelkhatib","https://www.tiktok.com/@saraelkhatib","0","25","0","0","25","manual_review","afventer"
"Jesper Kiel","Enhedslisten - De Rød-Grønne","Fyns Storkreds","arlinnda","https://www.tiktok.com/@arlinnda","0","25","0","0","25","manual_review","afventer"
"Jacob Holm","Alternativet","Fyns Storkreds","jacob5106","https://www.tiktok.com/@jacob5106","0","25","0","0","25","manual_review","afventer"
"Henning Jørgensen","SF - Socialistisk Folkeparti","Nordjyllands Storkreds","interiornerds","https://www.tiktok.com/@interiornerds","0","25","0","0","25","manual_review","afventer"
"Jim Zakaria","Dansk Folkeparti","Sydjyllands Storkreds","umar.raajpoot","https://www.tiktok.com/@umar.raajpoot","0","25","0","0","25","manual_review","afventer"
"HP Beck","Liberal Alliance","Nordjyllands Storkreds","beryl_goofball","https://www.tiktok.com/@beryl_goofball","0","25","0","0","25","manual_review","afventer"
"Dina Person","Danmarksdemokraterne - Inger Støjberg","Sjællands Storkreds","konami109","https://www.tiktok.com/@konami109","0","25","0","0","25","manual_review","afventer"
"Dennis Munk","Enhedslisten - De Rød-Grønne","Østjyllands Storkreds","the.nordic.hiking.guy","https://www.tiktok.com/@the.nordic.hiking.guy","0","25","0","0","25","manual_review","afventer"
"Jonas Juhl","Liberal Alliance","Københavns Omegns Storkreds","nurabekskye01","https://www.tiktok.com/@nurabekskye01","0","25","0","0","25","manual_review","afventer"
"Kim Sørensen","Alternativet","Østjyllands Storkreds","kimxnor","https://www.tiktok.com/@kimxnor","0","25","0","0","25","manual_review","afventer"
"Kenneth Fredslund Petersen","Danmarksdemokraterne - Inger Støjberg","Sydjyllands Storkreds","truckerpodcast","https://www.tiktok.com/@truckerpodcast","0","25","0","0","25","manual_review","afventer"
"Rasmus T. Mortensen","SF - Socialistisk Folkeparti","Østjyllands Storkreds","holoquezt","https://www.tiktok.com/@holoquezt","0","25","0","0","25","manual_review","afventer"
"Peder Larsen","SF - Socialistisk Folkeparti","Nordjyllands Storkreds","ramingud","https://www.tiktok.com/@ramingud","0","25","0","0","25","manual_review","afventer"
"Patrick Bryhl","Danmarksdemokraterne - Inger Støjberg","Sydjyllands Storkreds","ddungdom","https://www.tiktok.com/@ddungdom","0","25","0","0","25","manual_review","afventer"
"Nikoline Erbs Hillers-Bendtsen","Alternativet","Østjyllands Storkreds","nikolineerbs","https://www.tiktok.com/@nikolineerbs","0","25","0","0","25","manual_review","afventer"
"Morten Siig Henriksen","SF - Socialistisk Folkeparti","Østjyllands Storkreds","janjgoo1","https://www.tiktok.com/@janjgoo1","0","25","0","0","25","manual_review","afventer"
"Mette Friis","Alternativet","Sjællands Storkreds","mettekf","https://www.tiktok.com/@mettekf","0","25","0","0","25","manual_review","afventer"
"Melina Andersen","SF - Socialistisk Folkeparti","Nordjyllands Storkreds","linaduved2","https://www.tiktok.com/@linaduved2","0","25","0","0","25","manual_review","afventer"
"Magnus Flensborg","SF - Socialistisk Folkeparti","Sydjyllands Storkreds","saodieutv","https://www.tiktok.com/@saodieutv","0","25","0","0","25","manual_review","afventer"
"Magnus Bigum","Danmarksdemokraterne - Inger Støjberg","Østjyllands Storkreds","strangerthings2224","https://www.tiktok.com/@strangerthings2224","0","25","0","0","25","manual_review","afventer"
"Knud Nielsen","Dansk Folkeparti","Vestjyllands Storkreds","ashleeswest","https://www.tiktok.com/@ashleeswest","0","25","0","0","25","manual_review","afventer"
"Troels Stru Schmidt","SF - Socialistisk Folkeparti","Københavns Omegns Storkreds","nanobitten","https://www.tiktok.com/@nanobitten","0","25","0","0","25","manual_review","afventer"
"Thomas Lindqvist","Alternativet","Københavns Omegns Storkreds","vicki_belo","https://www.tiktok.com/@vicki_belo","0","25","0","0","25","manual_review","afventer"
"Theresa Scavenius","Uden for partierne","Københavns Storkreds","dendyrisketiktok","https://www.tiktok.com/@dendyrisketiktok","0","25","0","0","25","manual_review","afventer"
"Stine Larsen","Alternativet","Fyns Storkreds","jordancalmexe5","https://www.tiktok.com/@jordancalmexe5","0","25","0","0","25","manual_review","afventer"
"Sofie Valbjørn","Alternativet","Bornholms Storkreds","adampb337","https://www.tiktok.com/@adampb337","0","25","0","0","25","manual_review","afventer"
"Reinout Bosch","Enhedslisten - De Rød-Grønne","Københavns Storkreds","rogvificeret","https://www.tiktok.com/@rogvificeret","0","25","0","0","25","manual_review","afventer"
"Frida Qvist Kristensen","Moderaterne","Sjællands Storkreds","esnydefender","https://www.tiktok.com/@esnydefender","0","16","8","0","24","manual_review","afventer"
"Lasse Hildingberg","Venstre","Sydjyllands Storkreds","lasselom","https://www.tiktok.com/@lasselom","0","12","8","0","20","manual_review","afventer"
"Kasper Roug","Socialdemokratiet","Sjællands Storkreds","kasper.ronge","https://www.tiktok.com/@kasper.ronge","0","12","8","0","20","manual_review","afventer"
"Jørn Dohrmann","Borgernes Parti - Lars Boje Mathiesen","Sydjyllands Storkreds","lijorn","https://www.tiktok.com/@lijorn","0","12","8","0","20","manual_review","afventer"
"Julie Herdal","Radikale Venstre","Københavns Storkreds","julieherbalcentre","https://www.tiktok.com/@julieherbalcentre","0","12","8","0","20","manual_review","afventer"
"Jacob Robsøe","Radikale Venstre","Nordjyllands Storkreds","imjacobrose","https://www.tiktok.com/@imjacobrose","0","12","8","0","20","manual_review","afventer"
"Frederik Germann","Det Konservative Folkeparti","Nordsjællands Storkreds","lascasasreales","https://www.tiktok.com/@lascasasreales","0","12","8","0","20","manual_review","afventer"
"Christina Falkberg","Radikale Venstre","Københavns Omegns Storkreds","workoutsbychristina","https://www.tiktok.com/@workoutsbychristina","0","12","8","0","20","manual_review","afventer"
"Annette Rieva","Venstre","Nordsjællands Storkreds","annetteriverarees","https://www.tiktok.com/@annetteriverarees","0","12","8","0","20","manual_review","afventer"
"Kira Danholm","Liberal Alliance","Nordsjællands Storkreds","kiraslaps","https://www.tiktok.com/@kiraslaps","0","12","8","0","20","manual_review","afventer"
"Thomas Heuniche","Liberal Alliance","Nordjyllands Storkreds","thomasheinrich","https://www.tiktok.com/@thomasheinrich","0","12","8","0","20","manual_review","afventer"
"Sebastian Støckler","Venstre","Østjyllands Storkreds","sostickler","https://www.tiktok.com/@sostickler","0","12","8","0","20","manual_review","afventer"
"Rasmus Harning","Alternativet","Nordsjællands Storkreds","katrinenoergaardjensen","https://www.tiktok.com/@katrinenoergaardjensen","0","12","8","0","20","manual_review","afventer"
"Paulina Laparil","Borgernes Parti - Lars Boje Mathiesen","Nordjyllands Storkreds","kiingpaulina","https://www.tiktok.com/@kiingpaulina","0","12","8","0","20","manual_review","afventer"
"Michael Rosenmark","Danmarksdemokraterne - Inger Støjberg","Sjællands Storkreds","michael.dicostanzo","https://www.tiktok.com/@michael.dicostanzo","0","12","8","0","20","manual_review","afventer"
"Mads Brenøe","Liberal Alliance","Sjællands Storkreds","madsobrine.wp","https://www.tiktok.com/@madsobrine.wp","0","12","8","0","20","manual_review","afventer"
"Ane Line Søndergaard","Alternativet","Sydjyllands Storkreds","annesmadsen","https://www.tiktok.com/@annesmadsen","0","8","8","0","16","manual_review","afventer"
"Allan Hansen Lindemark","Alternativet","Sjællands Storkreds","kong_allan","https://www.tiktok.com/@kong_allan","0","16","0","0","16","manual_review","afventer"
"Steen Asgeir Petersen","Radikale Venstre","Nordjyllands Storkreds","camillakayserherm","https://www.tiktok.com/@camillakayserherm","0","16","0","0","16","manual_review","afventer"
"Peder Key Kristiansen","Socialdemokratiet","Nordjyllands Storkreds","peterkeyslims","https://www.tiktok.com/@peterkeyslims","0","8","8","0","16","manual_review","afventer"
"Isabella Apelroth","Alternativet","Sjællands Storkreds","isabellapmayer","https://www.tiktok.com/@isabellapmayer","0","12","0","0","12","manual_review","afventer"
"Bianca Vitting","Enhedslisten - De Rød-Grønne","Københavns Omegns Storkreds","beyond.biagio","https://www.tiktok.com/@beyond.biagio","0","12","0","0","12","manual_review","afventer"
"Nils Brøgger","SF - Socialistisk Folkeparti","Vestjyllands Storkreds","nicolebroegger","https://www.tiktok.com/@nicolebroegger","0","12","0","0","12","manual_review","afventer"
"Lone Glarbo","Danmarksdemokraterne - Inger Støjberg","Østjyllands Storkreds","lonelobospodcast","https://www.tiktok.com/@lonelobospodcast","0","12","0","0","12","manual_review","afventer"
"Ulrik Appel","Enhedslisten - De Rød-Grønne","Nordjyllands Storkreds","ulrikbe","https://www.tiktok.com/@ulrikbe","0","12","0","0","12","manual_review","afventer"
"Timm Bøttger","SF - Socialistisk Folkeparti","Sydjyllands Storkreds","ohheyitsnottim","https://www.tiktok.com/@ohheyitsnottim","0","12","0","0","12","manual_review","afventer"
"Lasse Mejer Petersen","Enhedslisten - De Rød-Grønne","Nordjyllands Storkreds","fuwudbae","https://www.tiktok.com/@fuwudbae","0","8","0","0","8","manual_review","afventer"
"Bjarke Jensen","Radikale Venstre","Østjyllands Storkreds","luciaacrcles","https://www.tiktok.com/@luciaacrcles","0","0","8","0","8","manual_review","afventer"
"Tenna Duch Schaldemose","Alternativet","Østjyllands Storkreds","squishypeeps0","https://www.tiktok.com/@squishypeeps0","0","8","0","0","8","manual_review","afventer"
"Louise Stenmann","Socialdemokratiet","Østjyllands Storkreds","ms.steinmann","https://www.tiktok.com/@ms.steinmann","0","0","8","0","8","manual_review","afventer"
"Roger Courage Matthisen","Alternativet","Københavns Storkreds","","","0","0","0","0","0","manual_review","afventer"
"Robert Mørck","Liberal Alliance","Nordsjællands Storkreds","","","0","0","0","0","0","manual_review","afventer"
"Preben Bang Henriksen","Venstre","Nordjyllands Storkreds","","","0","0","0","0","0","manual_review","afventer"
"Philip Solberg","Liberal Alliance","Nordsjællands Storkreds","","","0","0","0","0","0","manual_review","afventer"
"Peter Martin Jakobsen","Alternativet","Københavns Storkreds","","","0","0","0","0","0","manual_review","afventer"
"Peter Have","Moderaterne","Østjyllands Storkreds","","","0","0","0","0","0","manual_review","afventer"
"Peter Faber","Borgernes Parti - Lars Boje Mathiesen","Nordsjællands Storkreds","","","0","0","0","0","0","manual_review","afventer"
"Per Larsen","Det Konservative Folkeparti","Nordjyllands Storkreds","","","0","0","0","0","0","manual_review","afventer"
"Per Kamp Stefansen","Socialdemokratiet","Vestjyllands Storkreds","","","0","0","0","0","0","manual_review","afventer"
"Ole Lynggaard Jørgensen","Radikale Venstre","Sydjyllands Storkreds","","","0","0","0","0","0","manual_review","afventer"
"Nikolai Eskild Jensen","Alternativet","Københavns Storkreds","","","0","0","0","0","0","manual_review","afventer"
"Niels Kristian Larsen","SF - Socialistisk Folkeparti","Vestjyllands Storkreds","","","0","0","0","0","0","manual_review","afventer"
"Niels Christensen","Borgernes Parti - Lars Boje Mathiesen","Nordjyllands Storkreds","","","0","0","0","0","0","manual_review","afventer"
"Nicolai Wammen","Socialdemokratiet","Østjyllands Storkreds","","","0","0","0","0","0","manual_review","afventer"
"René Flou","Det Konservative Folkeparti","Nordjyllands Storkreds","","","0","0","0","0","0","manual_review","afventer"
"Rasmus Stoklund","Socialdemokratiet","Nordsjællands Storkreds","","","0","0","0","0","0","manual_review","afventer"
"Rasmus Sandvej","Det Konservative Folkeparti","Sydjyllands Storkreds","","","0","0","0","0","0","manual_review","afventer"
"Rasmus Horn Langhoff","Socialdemokratiet","Sjællands Storkreds","","","0","0","0","0","0","manual_review","afventer"
"Morten Bo Bertelsen","SF - Socialistisk Folkeparti","Nordjyllands Storkreds","","","0","0","0","0","0","manual_review","afventer"
"Morten Bering","SF - Socialistisk Folkeparti","Københavns Storkreds","","","0","0","0","0","0","manual_review","afventer"
"Morten Hvidberg Greve","Alternativet","Nordsjællands Storkreds","","","0","0","0","0","0","manual_review","afventer"
"Morten Messerschmidt","Dansk Folkeparti","Sjællands Storkreds","","","0","0","0","0","0","manual_review","afventer"
"Morten Riis","Enhedslisten - De Rød-Grønne","Bornholms Storkreds","","","0","0","0","0","0","manual_review","afventer"
"Morten Vehl Revsbeck","Danmarksdemokraterne - Inger Støjberg","Vestjyllands Storkreds","","","0","0","0","0","0","manual_review","afventer"
"Nana Harring","Dansk Folkeparti","Østjyllands Storkreds","","","0","0","0","0","0","manual_review","afventer"
"Morten Bødskov","Socialdemokratiet","Københavns Omegns Storkreds","","","0","0","0","0","0","manual_review","afventer"
"Morten Dehn","Borgernes Parti - Lars Boje Mathiesen","Københavns Omegns Storkreds","","","0","0","0","0","0","manual_review","afventer"
"Morten E.G. Brautsch","Moderaterne","Vestjyllands Storkreds","","","0","0","0","0","0","manual_review","afventer"
"Charlotte Nellemann","Liberal Alliance","Københavns Storkreds","","","0","0","0","0","0","possible_match","afventer"
"Caroline Lochow","Enhedslisten - De Rød-Grønne","Københavns Omegns Storkreds","","","0","0","0","0","0","possible_match","afventer"
"Camilla Schuster Nygaard","Moderaterne","Fyns Storkreds","","","0","0","0","0","0","possible_match","afventer"
"Steffen Sjørslev","Liberal Alliance","Nordsjællands Storkreds","","","0","0","0","0","0","manual_review","afventer"
"Astrid Søborg","Venstre","Københavns Omegns Storkreds","","","0","0","0","0","0","possible_match","afventer"
"Stephanie Lose","Venstre","Sydjyllands Storkreds","","","0","0","0","0","0","manual_review","afventer"
"Stina Egedius Miller","SF - Socialistisk Folkeparti","Nordsjællands Storkreds","","","0","0","0","0","0","manual_review","afventer"
"Anita Vivi Lilholt","Venstre","Nordjyllands Storkreds","","","0","0","0","0","0","possible_match","afventer"
"Sólbjørg Jakobsen","Liberal Alliance","Nordjyllands Storkreds","","","0","0","0","0","0","possible_match","afventer"
"Joan Kragh","SF - Socialistisk Folkeparti","Sjællands Storkreds","","","0","0","0","0","0","possible_match","afventer"
"Helena Artmann Andresen","Liberal Alliance","Sydjyllands Storkreds","","","0","0","0","0","0","possible_match","afventer"
"Claus Jørgensen","SF - Socialistisk Folkeparti","Sjællands Storkreds","","","0","0","0","0","0","possible_match","afventer"
"Taner Genc","SF - Socialistisk Folkeparti","Københavns Omegns Storkreds","","","0","0","0","0","0","possible_match","afventer"
"Maria Enemark","Borgernes Parti - Lars Boje Mathiesen","Vestjyllands Storkreds","","","0","0","0","0","0","manual_review","afventer"
"Maria Radoor","Socialdemokratiet","Sydjyllands Storkreds","","","0","0","0","0","0","manual_review","afventer"
"Marianne Mortensen","Radikale Venstre","Københavns Storkreds","","","0","0","0","0","0","manual_review","afventer"
"Marie Brixtofte","Venstre","Københavns Omegns Storkreds","","","0","0","0","0","0","manual_review","afventer"
"Marie Wandel","Radikale Venstre","Nordjyllands Storkreds","","","0","0","0","0","0","manual_review","afventer"
"Marlene Harpsøe","Danmarksdemokraterne - Inger Støjberg","Nordsjællands Storkreds","","","0","0","0","0","0","manual_review","afventer"
"Martin Kjærulff","Alternativet","Fyns Storkreds","","","0","0","0","0","0","manual_review","afventer"
"Martin Lidegaard","Radikale Venstre","Nordsjællands Storkreds","","","0","0","0","0","0","manual_review","afventer"
"Martin Nordstjerne","Borgernes Parti - Lars Boje Mathiesen","Nordsjællands Storkreds","","","0","0","0","0","0","manual_review","afventer"
"Martin Sanderhoff","Moderaterne","Vestjyllands Storkreds","","","0","0","0","0","0","manual_review","afventer"
"Mathias D. Christiansen","Enhedslisten - De Rød-Grønne","Sydjyllands Storkreds","","","0","0","0","0","0","manual_review","afventer"
"Mathias Fuglsang","Borgernes Parti - Lars Boje Mathiesen","Københavns Omegns Storkreds","","","0","0","0","0","0","manual_review","afventer"
"Mercedes Czank","Dansk Folkeparti","Østjyllands Storkreds","","","0","0","0","0","0","manual_review","afventer"
"Mette Hvid Brockmann","Radikale Venstre","Sjællands Storkreds","","","0","0","0","0","0","manual_review","afventer"
"Michael Klausen","Liberal Alliance","Østjyllands Storkreds","","","0","0","0","0","0","manual_review","afventer"
"Michael Schjelde","Venstre","Sjællands Storkreds","","","0","0","0","0","0","manual_review","afventer"
"Michelle Sundahl","Dansk Folkeparti","Vestjyllands Storkreds","","","0","0","0","0","0","manual_review","afventer"
"Mogens Jensen","Socialdemokratiet","Vestjyllands Storkreds","","","0","0","0","0","0","manual_review","afventer"
"Monika Rubin","Moderaterne","Københavns Omegns Storkreds","","","0","0","0","0","0","manual_review","afventer"
"Ludmila Plenge 2,","Enhedslisten - De Rød-Grønne","Sjællands Storkreds","","","0","0","0","0","0","manual_review","afventer"
"Louise Elholm","Venstre","Sjællands Storkreds","","","0","0","0","0","0","manual_review","afventer"
"Lotte Rod","Radikale Venstre","Sydjyllands Storkreds","","","0","0","0","0","0","manual_review","afventer"
"Marcus Vesterager","Socialdemokratiet","Københavns Storkreds","","","0","0","0","0","0","manual_review","afventer"
"Marcus Knuth","Det Konservative Folkeparti","Sjællands Storkreds","","","0","0","0","0","0","manual_review","afventer"
"Magnus Barsøe","Socialdemokratiet","Københavns Omegns Storkreds","","","0","0","0","0","0","manual_review","afventer"
"Mads Ramstedt","Det Konservative Folkeparti","Sjællands Storkreds","","","0","0","0","0","0","manual_review","afventer"
"Mads Damgaard Mortensen","Alternativet","Østjyllands Storkreds","","","0","0","0","0","0","manual_review","afventer"
"Lau Sørensen","Det Konservative Folkeparti","Vestjyllands Storkreds","","","0","0","0","0","0","manual_review","afventer"
"Simon Bech Munch-Petersen","Radikale Venstre","Bornholms Storkreds","","","0","0","0","0","0","manual_review","afventer"
"Siff Tang Lassen","Det Konservative Folkeparti","Vestjyllands Storkreds","","","0","0","0","0","0","manual_review","afventer"
"Lisbeth Dam Larsen","Moderaterne","Københavns Storkreds","","","0","0","0","0","0","manual_review","afventer"
"Rune Mikkelsen","Danmarksdemokraterne - Inger Støjberg","Østjyllands Storkreds","","","0","0","0","0","0","manual_review","afventer"
"Natasja Bruun Knudsen","Det Konservative Folkeparti","Fyns Storkreds","","","0","0","0","0","0","manual_review","afventer"
"Anders Bork","Dansk Folkeparti","Sjællands Storkreds","","","0","0","0","0","0","manual_review","afventer"
"Anders Havelund Krøyer","Det Konservative Folkeparti","Københavns Storkreds","","","0","0","0","0","0","manual_review","afventer"
"Anders Storgaard","Det Konservative Folkeparti","Københavns Storkreds","","","0","0","0","0","0","manual_review","afventer"
"Anja Busch","Borgernes Parti - Lars Boje Mathiesen","Fyns Storkreds","","","0","0","0","0","0","manual_review","afventer"
"Anne Fiber","Det Konservative Folkeparti","Fyns Storkreds","","","0","0","0","0","0","manual_review","afventer"
"Anne Valentina Berthelsen","SF - Socialistisk Folkeparti","Sjællands Storkreds","","","0","0","0","0","0","manual_review","afventer"
"Asbjørn Reissmann","Socialdemokratiet","Københavns Storkreds","","","0","0","0","0","0","manual_review","afventer"
"Asta Kofod","Enhedslisten - De Rød-Grønne","Bornholms Storkreds","","","0","0","0","0","0","manual_review","afventer"
"Astrid Carøe","SF - Socialistisk Folkeparti","Sjællands Storkreds","","","0","0","0","0","0","manual_review","afventer"
"Benny Dall","Enhedslisten - De Rød-Grønne","Sydjyllands Storkreds","","","0","0","0","0","0","manual_review","afventer"
"Benny Engelbrecht","Socialdemokratiet","Sydjyllands Storkreds","","","0","0","0","0","0","manual_review","afventer"
"Betina Asbæk","Moderaterne","Københavns Omegns Storkreds","","","0","0","0","0","0","manual_review","afventer"
"Bjørn Jensen","Det Konservative Folkeparti","Østjyllands Storkreds","","","0","0","0","0","0","manual_review","afventer"
"Bodil Nielsen","Alternativet","Sydjyllands Storkreds","","","0","0","0","0","0","manual_review","afventer"
"Brian Perri","Moderaterne","Sjællands Storkreds","","","0","0","0","0","0","manual_review","afventer"
"Caroline Stage","Moderaterne","Østjyllands Storkreds","","","0","0","0","0","0","manual_review","afventer"
"Carsten Bach","Liberal Alliance","Vestjyllands Storkreds","","","0","0","0","0","0","manual_review","afventer"
"Chris Hvidberg","Liberal Alliance","Østjyllands Storkreds","","","0","0","0","0","0","manual_review","afventer"
"Christian Faurholdt Jeppesen","Socialdemokratiet","Bornholms Storkreds","","","0","0","0","0","0","manual_review","afventer"
"Christian Juhl","Enhedslisten - De Rød-Grønne","Vestjyllands Storkreds","","","0","0","0","0","0","manual_review","afventer"
"Christian Jørgensen","Liberal Alliance","Sydjyllands Storkreds","","","0","0","0","0","0","manual_review","afventer"
"Christian Mutwa Christensen","SF - Socialistisk Folkeparti","Sydjyllands Storkreds","","","0","0","0","0","0","manual_review","afventer"
"Christian Vigilius","Det Konservative Folkeparti","Københavns Omegns Storkreds","","","0","0","0","0","0","manual_review","afventer"
"Christian Wibholm","Danmarksdemokraterne - Inger Støjberg","Sjællands Storkreds","","","0","0","0","0","0","manual_review","afventer"
"Christoffer Aagaard Melson","Venstre","Sydjyllands Storkreds","","","0","0","0","0","0","manual_review","afventer"
"Christoffer Emil Jexen","Enhedslisten - De Rød-Grønne","Nordsjællands Storkreds","","","0","0","0","0","0","manual_review","afventer"
"Christopher Arzrouni","Liberal Alliance","Nordsjællands Storkreds","","","0","0","0","0","0","manual_review","afventer"
"Clara Turms","Enhedslisten - De Rød-Grønne","Københavns Omegns Storkreds","","","0","0","0","0","0","manual_review","afventer"
"Claus Bakke","Venstre","Sjællands Storkreds","","","0","0","0","0","0","manual_review","afventer"
"Claus Buch","Venstre","Københavns Storkreds","","","0","0","0","0","0","manual_review","afventer"
"Daniel Drefeld","Det Konservative Folkeparti","Nordsjællands Storkreds","","","0","0","0","0","0","manual_review","afventer"
"Ditte Keidser","Det Konservative Folkeparti","Sjællands Storkreds","","","0","0","0","0","0","manual_review","afventer"
"Dorthe Beck-Nyling","Moderaterne","Københavns Omegns Storkreds","","","0","0","0","0","0","manual_review","afventer"
"Erik Veje Rasmussen","Venstre","Østjyllands Storkreds","","","0","0","0","0","0","manual_review","afventer"
"Filiz Sarah Thunø","Socialdemokratiet","Sjællands Storkreds","","","0","0","0","0","0","manual_review","afventer"
"Flemming Møller Mortensen","Socialdemokratiet","Nordjyllands Storkreds","","","0","0","0","0","0","manual_review","afventer"
"Frederik Grünfeld","Liberal Alliance","Sjællands Storkreds","","","0","0","0","0","0","manual_review","afventer"
"Gorm Simonsen","Radikale Venstre","Nordjyllands Storkreds","","","0","0","0","0","0","manual_review","afventer"
"Hanne Bjørn","Liberal Alliance","Københavns Omegns Storkreds","","","0","0","0","0","0","manual_review","afventer"
"Helge Bo Jensen","Enhedslisten - De Rød-Grønne","Københavns Omegns Storkreds","","","0","0","0","0","0","manual_review","afventer"
"Henrik Frandsen","Moderaterne","Sydjyllands Storkreds","","","0","0","0","0","0","manual_review","afventer"
"Henrik Jacobsen","Det Konservative Folkeparti","Sjællands Storkreds","","","0","0","0","0","0","manual_review","afventer"
"Henrik Møller","Socialdemokratiet","Nordsjællands Storkreds","","","0","0","0","0","0","manual_review","afventer"
"Henrik Rejnholt Andersen","Venstre","Østjyllands Storkreds","","","0","0","0","0","0","manual_review","afventer"
"Ingrid Heintz","Alternativet","Nordsjællands Storkreds","","","0","0","0","0","0","manual_review","afventer"
"Isabella Arendt","Det Konservative Folkeparti","Københavns Omegns Storkreds","","","0","0","0","0","0","manual_review","afventer"
"Jacob Bentsen","Dansk Folkeparti","Sjællands Storkreds","","","0","0","0","0","0","manual_review","afventer"
"Jacob Stryhn","Det Konservative Folkeparti","Sjællands Storkreds","","","0","0","0","0","0","manual_review","afventer"
"Jakob Ravn Karlsen","Alternativet","Københavns Storkreds","","","0","0","0","0","0","manual_review","afventer"
"Jannie Boysen Westergaard","Det Konservative Folkeparti","Sydjyllands Storkreds","","","0","0","0","0","0","manual_review","afventer"
"Jens Henrik W. Thulesen Dahl","Danmarksdemokraterne - Inger Støjberg","Fyns Storkreds","","","0","0","0","0","0","manual_review","afventer"
"Jeppe Bruus","Socialdemokratiet","Fyns Storkreds","","","0","0","0","0","0","manual_review","afventer"
"Jeppe Fransson","Radikale Venstre","Sjællands Storkreds","","","0","0","0","0","0","manual_review","afventer"
"Johanna-Maria Precht","Enhedslisten - De Rød-Grønne","Sydjyllands Storkreds","","","0","0","0","0","0","manual_review","afventer"
"John Bjerg","Borgernes Parti - Lars Boje Mathiesen","Nordjyllands Storkreds","","","0","0","0","0","0","manual_review","afventer"
"John Rasmussen","Liberal Alliance","Sydjyllands Storkreds","","","0","0","0","0","0","manual_review","afventer"
"Jonas Paludan","Enhedslisten - De Rød-Grønne","Sjællands Storkreds","","","0","0","0","0","0","manual_review","afventer"
"Josephine Alstrup Kofod","Dansk Folkeparti","Sydjyllands Storkreds","","","0","0","0","0","0","manual_review","afventer"
"Kasper B.G. Lauritsen","Socialdemokratiet","Vestjyllands Storkreds","","","0","0","0","0","0","manual_review","afventer"
"Kasper Flygare","Socialdemokratiet","Bornholms Storkreds","","","0","0","0","0","0","manual_review","afventer"
"Katrine Robsøe","Radikale Venstre","Østjyllands Storkreds","","","0","0","0","0","0","manual_review","afventer"
"Kevin Possekel","Liberal Alliance","Vestjyllands Storkreds","","","0","0","0","0","0","manual_review","afventer"
"Kristian Thomsen","Det Konservative Folkeparti","Sydjyllands Storkreds","","","0","0","0","0","0","manual_review","afventer"
"Lars Aagaard","Moderaterne","Fyns Storkreds","","","0","0","0","0","0","manual_review","afventer"
"Lars Boje Mathiesen","Borgernes Parti - Lars Boje Mathiesen","Østjyllands Storkreds","","","0","0","0","0","0","manual_review","afventer"
"Lars Fibæk","Socialdemokratiet","Vestjyllands Storkreds","","","0","0","0","0","0","manual_review","afventer"
"Lars Green Bach","Radikale Venstre","Københavns Omegns Storkreds","","","0","0","0","0","0","manual_review","afventer"
"Lars Mogensen","Enhedslisten - De Rød-Grønne","Sydjyllands Storkreds","","","0","0","0","0","0","manual_review","afventer"
"Lasse Olsen","Enhedslisten - De Rød-Grønne","Nordjyllands Storkreds","","","0","0","0","0","0","manual_review","afventer"
"Lasse Oszadlik","Moderaterne","Bornholms Storkreds","","","0","0","0","0","0","manual_review","afventer"
"Stine Øllegaard","Enhedslisten - De Rød-Grønne","Fyns Storkreds","","","0","0","0","0","0","manual_review","afventer"
"Stinus Lindgreen","Radikale Venstre","Københavns Omegns Storkreds","","","0","0","0","0","0","manual_review","afventer"
"Susan H. Møller","Liberal Alliance","Sjællands Storkreds","","","0","0","0","0","0","manual_review","afventer"
"Søren Rye","Socialdemokratiet","Nordsjællands Storkreds","","","0","0","0","0","0","manual_review","afventer"
"Søren T. Fugleberg","Borgernes Parti - Lars Boje Mathiesen","Københavns Omegns Storkreds","","","0","0","0","0","0","manual_review","afventer"
"Tenna Røberg","Dansk Folkeparti","Københavns Omegns Storkreds","","","0","0","0","0","0","manual_review","afventer"
"Thorbern Alexander Klingert","Venstre","Sjællands Storkreds","","","0","0","0","0","0","manual_review","afventer"
"Tim Larsen","Borgernes Parti - Lars Boje Mathiesen","Sjællands Storkreds","","","0","0","0","0","0","manual_review","afventer"
"Tobias Bennedsen","Det Konservative Folkeparti","Fyns Storkreds","","","0","0","0","0","0","manual_review","afventer"
"Tommi Christensen","Socialdemokratiet","Sydjyllands Storkreds","","","0","0","0","0","0","manual_review","afventer"
"Trine Jepsen","Venstre","Vestjyllands Storkreds","","","0","0","0","0","0","manual_review","afventer"
"Ulrik Lassen","Liberal Alliance","Sjællands Storkreds","","","0","0","0","0","0","manual_review","afventer"